n,f(x),x,p,||p||,gradient,||gradient||,alpha,k,eps
1,13.0000,[0.0000 0.0000 ],[0.0787 -0.2362 ],0.2490,[-10.0000 30.0000 ],31.6228,0.0079,127,0.0001
2,8.3748,[0.0787 -0.2362 ],[0.1944 0.0419 ],0.1988,[-49.3701 -10.6299 ],50.5015,0.0039,127,0.0001
3,5.4437,[0.2731 -0.1944 ],[-0.0431 -0.1932 ],0.1979,[10.9350 49.0650 ],50.2688,0.0039,127,0.0001
4,2.6042,[0.2301 -0.3875 ],[0.1920 0.0442 ],0.1970,[-48.7648 -11.2352 ],50.0423,0.0039,127,0.0001
5,-0.1465,[0.4220 -0.3433 ],[-0.0454 -0.1908 ],0.1961,[11.5307 48.4693 ],49.8220,0.0039,127,0.0001
6,-2.8113,[0.3767 -0.5341 ],[0.1897 0.0465 ],0.1953,[-48.1784 -11.8216 ],49.6076,0.0039,127,0.0001
7,-5.3928,[0.5663 -0.4876 ],[-0.0477 -0.1886 ],0.1945,[12.1078 47.8922 ],49.3990,0.0039,127,0.0001
8,-7.8937,[0.5187 -0.6761 ],[0.1874 0.0488 ],0.1937,[-47.6104 -12.3896 ],49.1961,0.0039,127,0.0001
9,-10.3164,[0.7061 -0.6274 ],[-0.0499 -0.1864 ],0.1929,[12.6669 47.3331 ],48.9987,0.0039,127,0.0001
10,-12.6634,[0.6562 -0.8137 ],[0.1853 0.0509 ],0.1922,[-47.0601 -12.9399 ],48.8067,0.0039,127,0.0001
11,-14.9371,[0.8415 -0.7628 ],[-0.0520 -0.1842 ],0.1914,[13.2086 46.7914 ],48.6200,0.0039,127,0.0001
12,-17.1397,[0.7895 -0.9470 ],[0.1832 0.0530 ],0.1907,[-46.5270 -13.4730 ],48.4385,0.0039,127,0.0001
13,-19.2735,[0.9727 -0.8939 ],[-0.0541 -0.1822 ],0.1900,[13.7333 46.2667 ],48.2619,0.0039,127,0.0001
14,-21.3406,[0.9186 -1.0761 ],[0.1811 0.0551 ],0.1893,[-46.0106 -13.9894 ],48.0903,0.0039,127,0.0001
15,-23.3431,[1.0998 -1.0210 ],[-0.0561 -0.1802 ],0.1887,[14.2416 45.7584 ],47.9234,0.0039,127,0.0001
16,-25.2830,[1.0437 -1.2012 ],[0.1792 0.0570 ],0.1880,[-45.5103 -14.4897 ],47.7613,0.0039,127,0.0001
17,-27.1624,[1.2229 -1.1441 ],[-0.0580 -0.1782 ],0.1874,[14.7340 45.2660 ],47.6036,0.0039,127,0.0001
18,-28.9830,[1.1649 -1.3223 ],[0.1773 0.0590 ],0.1868,[-45.0256 -14.9744 ],47.4504,0.0039,127,0.0001
19,-30.7467,[1.3421 -1.2634 ],[-0.0599 -0.1763 ],0.1862,[15.2110 44.7890 ],47.3015,0.0039,127,0.0001
20,-32.4553,[1.2822 -1.4397 ],[0.1754 0.0608 ],0.1857,[-44.5561 -15.4439 ],47.1568,0.0039,127,0.0001
21,-34.1105,[1.4577 -1.3789 ],[-0.0617 -0.1745 ],0.1851,[15.6731 44.3269 ],47.0161,0.0039,127,0.0001
22,-35.7140,[1.3960 -1.5534 ],[0.1736 0.0626 ],0.1846,[-44.1012 -15.8988 ],46.8795,0.0039,127,0.0001
23,-37.2674,[1.5696 -1.4908 ],[-0.0635 -0.1728 ],0.1840,[16.1208 43.8792 ],46.7468,0.0039,127,0.0001
24,-38.7722,[1.5061 -1.6636 ],[0.1719 0.0643 ],0.1835,[-43.6606 -16.3394 ],46.6179,0.0039,127,0.0001
25,-40.2300,[1.6780 -1.5993 ],[-0.0652 -0.1710 ],0.1830,[16.5545 43.4455 ],46.4926,0.0039,127,0.0001
26,-41.6423,[1.6128 -1.7703 ],[0.1702 0.0660 ],0.1826,[-43.2337 -16.7663 ],46.3709,0.0039,127,0.0001
27,-43.0104,[1.7830 -1.7043 ],[-0.0668 -0.1694 ],0.1821,[16.9747 43.0253 ],46.2528,0.0039,127,0.0001
28,-44.3358,[1.7162 -1.8737 ],[0.1686 0.0676 ],0.1816,[-42.8202 -17.1798 ],46.1380,0.0039,127,0.0001
29,-45.6197,[1.8848 -1.8061 ],[-0.0684 -0.1678 ],0.1812,[17.3817 42.6183 ],46.0266,0.0039,127,0.0001
30,-46.8636,[1.8164 -1.9738 ],[0.1670 0.0692 ],0.1808,[-42.4196 -17.5804 ],45.9183,0.0039,127,0.0001
31,-48.0686,[1.9834 -1.9046 ],[-0.0700 -0.1662 ],0.1804,[17.7760 42.2240 ],45.8132,0.0039,127,0.0001
32,-49.2359,[1.9134 -2.0709 ],[0.1655 0.0707 ],0.1800,[-42.0315 -17.9685 ],45.7112,0.0039,127,0.0001
33,-50.3667,[2.0789 -2.0001 ],[-0.0715 -0.1647 ],0.1796,[18.1580 41.8420 ],45.6121,0.0039,127,0.0001
34,-51.4622,[2.0074 -2.1649 ],[0.1640 0.0722 ],0.1792,[-41.6555 -18.3445 ],45.5160,0.0039,127,0.0001
35,-52.5235,[2.1714 -2.0926 ],[-0.0729 -0.1633 ],0.1788,[18.5280 41.4720 ],45.4226,0.0039,127,0.0001
36,-53.5516,[2.0984 -2.2559 ],[0.1626 0.0737 ],0.1785,[-41.2913 -18.7087 ],45.3320,0.0039,127,0.0001
37,-54.5476,[2.2610 -2.1823 ],[-0.0744 -0.1619 ],0.1781,[18.8865 41.1135 ],45.2440,0.0039,127,0.0001
38,-55.5125,[2.1866 -2.3441 ],[0.1612 0.0750 ],0.1778,[-40.9385 -19.0615 ],45.1586,0.0039,127,0.0001
39,-56.4472,[2.3478 -2.2691 ],[-0.0757 -0.1605 ],0.1775,[19.2338 40.7662 ],45.0758,0.0039,127,0.0001
40,-57.3527,[2.2721 -2.4296 ],[0.1598 0.0764 ],0.1771,[-40.5967 -19.4033 ],44.9953,0.0039,127,0.0001
41,-58.2299,[2.4319 -2.3532 ],[-0.0770 -0.1592 ],0.1768,[19.5702 40.4298 ],44.9173,0.0039,127,0.0001
42,-59.0797,[2.3549 -2.5123 ],[0.1585 0.0777 ],0.1765,[-40.2656 -19.7344 ],44.8415,0.0039,127,0.0001
43,-59.9030,[2.5134 -2.4347 ],[-0.0783 -0.1579 ],0.1763,[19.8961 40.1039 ],44.7680,0.0039,127,0.0001
44,-60.7005,[2.4351 -2.5925 ],[0.1573 0.0790 ],0.1760,[-39.9448 -20.0552 ],44.6967,0.0039,127,0.0001
45,-61.4731,[2.5923 -2.5136 ],[-0.0796 -0.1566 ],0.1757,[20.2118 39.7882 ],44.6275,0.0039,127,0.0001
46,-62.2215,[2.5128 -2.6702 ],[0.1560 0.0802 ],0.1754,[-39.6340 -20.3660 ],44.5604,0.0039,127,0.0001
47,-62.9466,[2.6688 -2.5901 ],[-0.0808 -0.1554 ],0.1752,[20.5177 39.4823 ],44.4953,0.0039,127,0.0001
48,-63.6490,[2.5880 -2.7455 ],[0.1549 0.0814 ],0.1749,[-39.3330 -20.6670 ],44.4321,0.0039,127,0.0001
49,-64.3295,[2.7429 -2.6641 ],[-0.0819 -0.1543 ],0.1747,[20.8140 39.1860 ],44.3708,0.0039,127,0.0001
50,-64.9887,[2.6609 -2.8184 ],[0.1537 0.0825 ],0.1745,[-39.0414 -20.9586 ],44.3113,0.0039,127,0.0001
51,-65.6273,[2.8146 -2.7359 ],[-0.0831 -0.1531 ],0.1742,[21.1010 38.8990 ],44.2536,0.0039,127,0.0001
52,-66.2459,[2.7316 -2.8890 ],[0.1526 0.0836 ],0.1740,[-38.7588 -21.2412 ],44.1977,0.0039,127,0.0001
53,-66.8452,[2.8841 -2.8054 ],[-0.0842 -0.1521 ],0.1738,[21.3791 38.6209 ],44.1434,0.0039,127,0.0001
54,-67.4258,[2.8000 -2.9575 ],[0.1515 0.0847 ],0.1736,[-38.4851 -21.5149 ],44.0908,0.0039,127,0.0001
55,-67.9883,[2.9515 -2.8728 ],[-0.0852 -0.1510 ],0.1734,[21.6485 38.3515 ],44.0397,0.0039,127,0.0001
56,-68.5331,[2.8663 -3.0237 ],[0.1505 0.0857 ],0.1732,[-38.2200 -21.7800 ],43.9902,0.0039,127,0.0001
57,-69.0610,[3.0167 -2.9380 ],[-0.0863 -0.1500 ],0.1730,[21.9095 38.0905 ],43.9422,0.0039,127,0.0001
58,-69.5723,[2.9305 -3.0880 ],[0.1495 0.0868 ],0.1728,[-37.9631 -22.0369 ],43.8956,0.0039,127,0.0001
59,-70.0677,[3.0799 -3.0012 ],[-0.0873 -0.1490 ],0.1726,[22.1623 37.8377 ],43.8504,0.0039,127,0.0001
60,-70.5476,[2.9927 -3.1502 ],[0.1485 0.0877 ],0.1725,[-37.7143 -22.2857 ],43.8066,0.0039,127,0.0001
61,-71.0125,[3.1412 -3.0624 ],[-0.0882 -0.1480 ],0.1723,[22.4072 37.5928 ],43.7642,0.0039,127,0.0001
62,-71.4629,[3.0529 -3.2104 ],[0.1475 0.0887 ],0.1721,[-37.4732 -22.5268 ],43.7230,0.0039,127,0.0001
63,-71.8992,[3.2005 -3.1217 ],[-0.0892 -0.1471 ],0.1720,[22.6444 37.3556 ],43.6830,0.0039,127,0.0001
64,-72.3218,[3.1113 -3.2688 ],[0.1466 0.0896 ],0.1718,[-37.2397 -22.7603 ],43.6443,0.0039,127,0.0001
65,-72.7313,[3.2579 -3.1792 ],[-0.0901 -0.1462 ],0.1717,[22.8743 37.1257 ],43.6068,0.0039,127,0.0001
66,-73.1279,[3.1679 -3.3254 ],[0.1457 0.0905 ],0.1715,[-37.0135 -22.9865 ],43.5704,0.0039,127,0.0001
67,-73.5122,[3.3136 -3.2349 ],[-0.0909 -0.1453 ],0.1714,[23.0970 36.9030 ],43.5351,0.0039,127,0.0001
68,-73.8845,[3.2227 -3.3802 ],[0.1449 0.0914 ],0.1713,[-36.7943 -23.2057 ],43.5009,0.0039,127,0.0001
69,-74.2451,[3.3675 -3.2888 ],[-0.0918 -0.1444 ],0.1711,[23.3127 36.6873 ],43.4677,0.0039,127,0.0001
70,-74.5944,[3.2758 -3.4332 ],[0.1440 0.0922 ],0.1710,[-36.5820 -23.4180 ],43.4355,0.0039,127,0.0001
71,-74.9329,[3.4198 -3.3410 ],[-0.0926 -0.1436 ],0.1709,[23.5216 36.4784 ],43.4044,0.0039,127,0.0001
72,-75.2608,[3.3272 -3.4847 ],[0.1432 0.0930 ],0.1708,[-36.3763 -23.6237 ],43.3741,0.0039,127,0.0001
73,-75.5784,[3.4704 -3.3916 ],[-0.0934 -0.1428 ],0.1706,[23.7241 36.2759 ],43.3448,0.0039,127,0.0001
74,-75.8861,[3.3770 -3.5345 ],[0.1424 0.0938 ],0.1705,[-36.1771 -23.8229 ],43.3164,0.0039,127,0.0001
75,-76.1841,[3.5194 -3.4407 ],[-0.0942 -0.1420 ],0.1704,[23.9202 36.0798 ],43.2889,0.0039,127,0.0001
76,-76.4729,[3.4252 -3.5827 ],[0.1417 0.0946 ],0.1703,[-35.9841 -24.0159 ],43.2622,0.0039,127,0.0001
77,-76.7527,[3.5669 -3.4882 ],[-0.0949 -0.1413 ],0.1702,[24.1102 35.8898 ],43.2363,0.0039,127,0.0001
78,-77.0237,[3.4720 -3.6295 ],[0.1409 0.0953 ],0.1701,[-35.7971 -24.2029 ],43.2113,0.0039,127,0.0001
79,-77.2862,[3.6129 -3.5342 ],[-0.0956 -0.1406 ],0.1700,[24.2942 35.7058 ],43.1869,0.0039,127,0.0001
80,-77.5405,[3.5173 -3.6748 ],[0.1402 0.0960 ],0.1699,[-35.6159 -24.3841 ],43.1634,0.0039,127,0.0001
81,-77.7869,[3.6575 -3.5788 ],[-0.0963 -0.1399 ],0.1698,[24.4725 35.5275 ],43.1405,0.0039,127,0.0001
82,-78.0256,[3.5611 -3.7186 ],[0.1395 0.0967 ],0.1698,[-35.4404 -24.5596 ],43.1184,0.0039,127,0.0001
83,-78.2568,[3.7007 -3.6219 ],[-0.0970 -0.1392 ],0.1697,[24.6452 35.3548 ],43.0970,0.0039,127,0.0001
84,-78.4808,[3.6036 -3.7611 ],[0.1389 0.0974 ],0.1696,[-35.2704 -24.7296 ],43.0762,0.0039,127,0.0001
85,-78.6978,[3.7425 -3.6638 ],[-0.0977 -0.1385 ],0.1695,[24.8126 35.1874 ],43.0560,0.0039,127,0.0001
86,-78.9080,[3.6448 -3.8023 ],[0.1382 0.0980 ],0.1694,[-35.1058 -24.8942 ],43.0365,0.0039,127,0.0001
87,-79.1117,[3.7830 -3.7043 ],[-0.0983 -0.1379 ],0.1694,[24.9747 35.0253 ],43.0175,0.0039,127,0.0001
88,-79.3089,[3.6847 -3.8422 ],[0.1376 0.0986 ],0.1693,[-34.9462 -25.0538 ],42.9992,0.0039,127,0.0001
89,-79.5001,[3.8223 -3.7436 ],[-0.0989 -0.1373 ],0.1692,[25.1317 34.8683 ],42.9814,0.0039,127,0.0001
90,-79.6852,[3.7233 -3.8808 ],[0.1370 0.0992 ],0.1692,[-34.7916 -25.2084 ],42.9642,0.0039,127,0.0001
91,-79.8646,[3.8603 -3.7816 ],[-0.0995 -0.1367 ],0.1691,[25.2838 34.7162 ],42.9475,0.0039,127,0.0001
92,-80.0383,[3.7608 -3.9183 ],[0.1364 0.0998 ],0.1690,[-34.6419 -25.3581 ],42.9313,0.0039,127,0.0001
93,-80.2067,[3.8972 -3.8184 ],[-0.1001 -0.1361 ],0.1690,[25.4312 34.5688 ],42.9156,0.0039,127,0.0001
94,-80.3697,[3.7970 -3.9545 ],[0.1358 0.1004 ],0.1689,[-34.4969 -25.5031 ],42.9004,0.0039,127,0.0001
95,-80.5277,[3.9329 -3.8541 ],[-0.1007 -0.1355 ],0.1688,[25.5739 34.4261 ],42.8857,0.0039,127,0.0001
96,-80.6807,[3.8322 -3.9897 ],[0.1353 0.1010 ],0.1688,[-34.3564 -25.6436 ],42.8714,0.0039,127,0.0001
97,-80.8290,[3.9674 -3.8887 ],[-0.1012 -0.1350 ],0.1687,[25.7123 34.2877 ],42.8575,0.0039,127,0.0001
98,-80.9726,[3.8662 -4.0237 ],[0.1347 0.1015 ],0.1687,[-34.2202 -25.7798 ],42.8441,0.0039,127,0.0001
99,-81.1118,[4.0009 -3.9222 ],[-0.1018 -0.1345 ],0.1686,[25.8462 34.1538 ],42.8312,0.0039,127,0.0001
100,-81.2465,[3.8992 -4.0567 ],[0.1342 0.1020 ],0.1686,[-34.0883 -25.9117 ],42.8186,0.0039,127,0.0001
101,-81.3771,[4.0334 -3.9546 ],[-0.1023 -0.1340 ],0.1685,[25.9760 34.0240 ],42.8064,0.0039,127,0.0001
102,-81.5036,[3.9311 -4.0886 ],[0.1337 0.1025 ],0.1685,[-33.9606 -26.0394 ],42.7945,0.0039,127,0.0001
103,-81.6262,[4.0648 -3.9861 ],[-0.1028 -0.1335 ],0.1684,[26.1018 33.8982 ],42.7831,0.0039,127,0.0001
104,-81.7449,[3.9621 -4.1195 ],[0.1332 0.1030 ],0.1684,[-33.8368 -26.1632 ],42.7720,0.0039,127,0.0001
105,-81.8599,[4.0953 -4.0165 ],[-0.1032 -0.1330 ],0.1684,[26.2236 33.7764 ],42.7612,0.0039,127,0.0001
106,-81.9713,[3.9920 -4.1495 ],[0.1327 0.1035 ],0.1683,[-33.7169 -26.2831 ],42.7508,0.0039,127,0.0001
107,-82.0792,[4.1248 -4.0460 ],[-0.1037 -0.1325 ],0.1683,[26.3416 33.6584 ],42.7407,0.0039,127,0.0001
108,-82.1838,[4.0211 -4.1785 ],[0.1323 0.1039 ],0.1682,[-33.6008 -26.3992 ],42.7309,0.0039,127,0.0001
109,-82.2851,[4.1533 -4.0746 ],[-0.1042 -0.1321 ],0.1682,[26.4559 33.5441 ],42.7214,0.0039,127,0.0001
110,-82.3832,[4.0492 -4.2067 ],[0.1318 0.1044 ],0.1682,[-33.4883 -26.5117 ],42.7122,0.0039,127,0.0001
111,-82.4782,[4.1810 -4.1023 ],[-0.1046 -0.1316 ],0.1681,[26.5667 33.4333 ],42.7033,0.0039,127,0.0001
112,-82.5703,[4.0764 -4.2339 ],[0.1314 0.1048 ],0.1681,[-33.3793 -26.6207 ],42.6947,0.0039,127,0.0001
113,-82.6595,[4.2079 -4.1291 ],[-0.1050 -0.1312 ],0.1681,[26.6739 33.3261 ],42.6864,0.0039,127,0.0001
114,-82.7460,[4.1028 -4.2603 ],[0.1310 0.1052 ],0.1680,[-33.2737 -26.7263 ],42.6783,0.0039,127,0.0001
115,-82.8297,[4.2338 -4.1551 ],[-0.1054 -0.1308 ],0.1680,[26.7779 33.2221 ],42.6704,0.0039,127,0.0001
116,-82.9108,[4.1284 -4.2859 ],[0.1306 0.1056 ],0.1680,[-33.1714 -26.8286 ],42.6628,0.0039,127,0.0001
117,-82.9894,[4.2590 -4.1803 ],[-0.1058 -0.1304 ],0.1679,[26.8786 33.1214 ],42.6554,0.0039,127,0.0001
118,-83.0655,[4.1532 -4.3107 ],[0.1302 0.1060 ],0.1679,[-33.0723 -26.9277 ],42.6483,0.0039,127,0.0001
119,-83.1392,[4.2834 -4.2047 ],[-0.1062 -0.1300 ],0.1679,[26.9761 33.0239 ],42.6414,0.0039,127,0.0001
120,-83.2106,[4.1772 -4.3347 ],[0.1298 0.1064 ],0.1679,[-32.9763 -27.0237 ],42.6347,0.0039,127,0.0001
121,-83.2798,[4.3070 -4.2283 ],[-0.1066 -0.1296 ],0.1678,[27.0706 32.9294 ],42.6282,0.0039,127,0.0001
122,-83.3469,[4.2004 -4.3579 ],[0.1295 0.1068 ],0.1678,[-32.8833 -27.1167 ],42.6219,0.0039,127,0.0001
123,-83.4118,[4.3299 -4.2512 ],[-0.1069 -0.1293 ],0.1678,[27.1621 32.8379 ],42.6158,0.0039,127,0.0001
124,-83.4747,[4.2230 -4.3804 ],[0.1291 0.1071 ],0.1678,[-32.7932 -27.2068 ],42.6099,0.0039,127,0.0001
125,-83.5357,[4.3521 -4.2733 ],[-0.1073 -0.1289 ],0.1677,[27.2508 32.7492 ],42.6042,0.0039,127,0.0001
126,-83.5947,[4.2448 -4.4023 ],[0.1288 0.1075 ],0.1677,[-32.7059 -27.2941 ],42.5986,0.0039,127,0.0001
127,-83.6519,[4.3735 -4.2948 ],[-0.1076 -0.1286 ],0.1677,[27.3367 32.6633 ],42.5933,0.0039,127,0.0001
128,-83.7073,[4.2659 -4.4234 ],[0.1284 0.1078 ],0.1677,[-32.6213 -27.3787 ],42.5881,0.0039,127,0.0001
129,-83.7610,[4.3944 -4.3156 ],[-0.1080 -0.1283 ],0.1676,[27.4199 32.5801 ],42.5830,0.0039,127,0.0001
130,-83.8130,[4.2864 -4.4439 ],[0.1281 0.1081 ],0.1676,[-32.5394 -27.4606 ],42.5781,0.0039,127,0.0001
131,-83.8634,[4.4145 -4.3358 ],[-0.1083 -0.1280 ],0.1676,[27.5006 32.4994 ],42.5734,0.0039,127,0.0001
132,-83.9122,[4.3062 -4.4637 ],[0.1278 0.1084 ],0.1676,[-32.4601 -27.5399 ],42.5688,0.0039,127,0.0001
133,-83.9595,[4.4340 -4.3553 ],[-0.1086 -0.1276 ],0.1676,[27.5787 32.4213 ],42.5644,0.0039,127,0.0001
134,-84.0053,[4.3255 -4.4829 ],[0.1275 0.1087 ],0.1676,[-32.3832 -27.6168 ],42.5601,0.0039,127,0.0001
135,-84.0496,[4.4530 -4.3742 ],[-0.1089 -0.1273 ],0.1675,[27.6543 32.3457 ],42.5559,0.0039,127,0.0001
136,-84.0926,[4.3441 -4.5016 ],[0.1272 0.1090 ],0.1675,[-32.3087 -27.6913 ],42.5519,0.0039,127,0.0001
137,-84.1343,[4.4713 -4.3925 ],[-0.1092 -0.1271 ],0.1675,[27.7276 32.2724 ],42.5479,0.0039,127,0.0001
138,-84.1746,[4.3621 -4.5196 ],[0.1269 0.1093 ],0.1675,[-32.2366 -27.7634 ],42.5442,0.0039,127,0.0001
139,-84.2137,[4.4890 -4.4103 ],[-0.1094 -0.1268 ],0.1675,[27.7986 32.2014 ],42.5405,0.0039,127,0.0001
140,-84.2515,[4.3796 -4.5371 ],[0.1266 0.1096 ],0.1675,[-32.1667 -27.8333 ],42.5369,0.0039,127,0.0001
141,-84.2882,[4.5062 -4.4275 ],[-0.1097 -0.1265 ],0.1675,[27.8674 32.1326 ],42.5335,0.0039,127,0.0001
142,-84.3237,[4.3965 -4.5540 ],[0.1264 0.1098 ],0.1674,[-32.0990 -27.9010 ],42.5301,0.0039,127,0.0001
143,-84.3582,[4.5229 -4.4441 ],[-0.1100 -0.1262 ],0.1674,[27.9341 32.0659 ],42.5269,0.0039,127,0.0001
144,-84.3915,[4.4129 -4.5704 ],[0.1261 0.1101 ],0.1674,[-32.0334 -27.9666 ],42.5238,0.0039,127,0.0001
145,-84.4238,[4.5390 -4.4603 ],[-0.1102 -0.1260 ],0.1674,[27.9986 32.0014 ],42.5207,0.0039,127,0.0001
146,-84.4551,[4.4288 -4.5863 ],[0.1259 0.1104 ],0.1674,[-31.9699 -28.0301 ],42.5178,0.0039,127,0.0001
147,-84.4854,[4.5547 -4.4759 ],[-0.1105 -0.1257 ],0.1674,[28.0612 31.9388 ],42.5149,0.0039,127,0.0001
148,-84.5148,[4.4442 -4.6017 ],[0.1256 0.1106 ],0.1674,[-31.9083 -28.0917 ],42.5122,0.0039,127,0.0001
149,-84.5432,[4.5698 -4.4911 ],[-0.1107 -0.1255 ],0.1674,[28.1217 31.8783 ],42.5095,0.0039,127,0.0001
150,-84.5708,[4.4591 -4.6166 ],[0.1254 0.1108 ],0.1673,[-31.8487 -28.1513 ],42.5069,0.0039,127,0.0001
151,-84.5975,[4.5845 -4.5057 ],[-0.1109 -0.1253 ],0.1673,[28.1804 31.8196 ],42.5044,0.0039,127,0.0001
152,-84.6234,[4.4735 -4.6310 ],[0.1252 0.1111 ],0.1673,[-31.7909 -28.2091 ],42.5019,0.0039,127,0.0001
153,-84.6484,[4.5987 -4.5200 ],[-0.1112 -0.1251 ],0.1673,[28.2373 31.7627 ],42.4996,0.0039,127,0.0001
154,-84.6727,[4.4875 -4.6450 ],[0.1249 0.1113 ],0.1673,[-31.7350 -28.2650 ],42.4973,0.0039,127,0.0001
155,-84.6962,[4.6125 -4.5337 ],[-0.1114 -0.1248 ],0.1673,[28.2924 31.7076 ],42.4951,0.0039,127,0.0001
156,-84.7190,[4.5011 -4.6586 ],[0.1247 0.1115 ],0.1673,[-31.6807 -28.3193 ],42.4929,0.0039,127,0.0001
157,-84.7410,[4.6258 -4.5471 ],[-0.1116 -0.1246 ],0.1673,[28.3457 31.6543 ],42.4909,0.0039,127,0.0001
158,-84.7624,[4.5142 -4.6717 ],[0.1245 0.1117 ],0.1673,[-31.6282 -28.3718 ],42.4888,0.0039,127,0.0001
159,-84.7831,[4.6387 -4.5600 ],[-0.1118 -0.1244 ],0.1673,[28.3974 31.6026 ],42.4869,0.0039,127,0.0001
160,-84.8032,[4.5269 -4.6844 ],[0.1243 0.1119 ],0.1673,[-31.5773 -28.4227 ],42.4850,0.0039,127,0.0001
161,-84.8226,[4.6512 -4.5725 ],[-0.1120 -0.1242 ],0.1673,[28.4475 31.5525 ],42.4832,0.0039,127,0.0001
162,-84.8415,[4.5392 -4.6967 ],[0.1241 0.1121 ],0.1672,[-31.5281 -28.4719 ],42.4814,0.0039,127,0.0001
163,-84.8597,[4.6634 -4.5846 ],[-0.1122 -0.1240 ],0.1672,[28.4960 31.5040 ],42.4797,0.0039,127,0.0001
164,-84.8774,[4.5512 -4.7087 ],[0.1239 0.1123 ],0.1672,[-31.4803 -28.5197 ],42.4780,0.0039,127,0.0001
165,-84.8945,[4.6751 -4.5964 ],[-0.1124 -0.1238 ],0.1672,[28.5430 31.4570 ],42.4764,0.0039,127,0.0001
166,-84.9111,[4.5627 -4.7202 ],[0.1238 0.1125 ],0.1672,[-31.4340 -28.5660 ],42.4749,0.0039,127,0.0001
167,-84.9271,[4.6865 -4.6078 ],[-0.1126 -0.1237 ],0.1672,[28.5885 31.4115 ],42.4733,0.0039,127,0.0001
168,-84.9427,[4.5740 -4.7314 ],[0.1236 0.1126 ],0.1672,[-31.3892 -28.6108 ],42.4719,0.0039,127,0.0001
169,-84.9578,[4.6975 -4.6188 ],[-0.1127 -0.1235 ],0.1672,[28.6326 31.3674 ],42.4705,0.0039,127,0.0001
170,-84.9724,[4.5848 -4.7423 ],[0.1234 0.1128 ],0.1672,[-31.3458 -28.6542 ],42.4691,0.0039,127,0.0001
171,-84.9865,[4.7082 -4.6295 ],[-0.1129 -0.1233 ],0.1672,[28.6754 31.3246 ],42.4677,0.0039,127,0.0001
172,-85.0002,[4.5953 -4.7528 ],[0.1232 0.1130 ],0.1672,[-31.3038 -28.6962 ],42.4665,0.0039,127,0.0001
173,-85.0135,[4.7186 -4.6398 ],[-0.1131 -0.1232 ],0.1672,[28.7168 31.2832 ],42.4652,0.0039,127,0.0001
174,-85.0264,[4.6055 -4.7630 ],[0.1231 0.1131 ],0.1672,[-31.2630 -28.7370 ],42.4640,0.0039,127,0.0001
175,-85.0388,[4.7286 -4.6498 ],[-0.1132 -0.1230 ],0.1672,[28.7569 31.2431 ],42.4628,0.0039,127,0.0001
176,-85.0509,[4.6154 -4.7728 ],[0.1229 0.1133 ],0.1672,[-31.2236 -28.7764 ],42.4617,0.0039,127,0.0001
177,-85.0626,[4.7383 -4.6596 ],[-0.1134 -0.1229 ],0.1672,[28.7957 31.2043 ],42.4606,0.0039,127,0.0001
178,-85.0739,[4.6249 -4.7824 ],[0.1228 0.1134 ],0.1672,[-31.1853 -28.8147 ],42.4595,0.0039,127,0.0001
179,-85.0849,[4.7477 -4.6690 ],[-0.1135 -0.1227 ],0.1672,[28.8333 31.1667 ],42.4585,0.0039,127,0.0001
180,-85.0956,[4.6342 -4.7917 ],[0.1226 0.1136 ],0.1672,[-31.1483 -28.8517 ],42.4575,0.0039,127,0.0001
181,-85.1059,[4.7568 -4.6781 ],[-0.1137 -0.1226 ],0.1672,[28.8698 31.1302 ],42.4565,0.0039,127,0.0001
182,-85.1158,[4.6432 -4.8006 ],[0.1225 0.1137 ],0.1671,[-31.1124 -28.8876 ],42.4556,0.0039,127,0.0001
183,-85.1255,[4.7656 -4.6869 ],[-0.1138 -0.1224 ],0.1671,[28.9051 31.0949 ],42.4547,0.0039,127,0.0001
184,-85.1349,[4.6518 -4.8093 ],[0.1224 0.1139 ],0.1671,[-31.0776 -28.9224 ],42.4538,0.0039,127,0.0001
185,-85.1439,[4.7742 -4.6955 ],[-0.1139 -0.1223 ],0.1671,[28.9393 31.0607 ],42.4529,0.0039,127,0.0001
186,-85.1527,[4.6603 -4.8177 ],[0.1222 0.1140 ],0.1671,[-31.0440 -28.9560 ],42.4521,0.0039,127,0.0001
187,-85.1612,[4.7825 -4.7037 ],[-0.1141 -0.1222 ],0.1671,[28.9725 31.0275 ],42.4513,0.0039,127,0.0001
188,-85.1695,[4.6684 -4.8259 ],[0.1221 0.1141 ],0.1671,[-31.0114 -28.9886 ],42.4505,0.0039,127,0.0001
189,-85.1775,[4.7905 -4.7118 ],[-0.1142 -0.1220 ],0.1671,[29.0046 30.9954 ],42.4498,0.0039,127,0.0001
190,-85.1852,[4.6763 -4.8338 ],[0.1220 0.1143 ],0.1671,[-30.9797 -29.0203 ],42.4490,0.0039,127,0.0001
191,-85.1927,[4.7983 -4.7196 ],[-0.1143 -0.1219 ],0.1671,[29.0357 30.9643 ],42.4483,0.0039,127,0.0001
192,-85.2000,[4.6840 -4.8415 ],[0.1218 0.1144 ],0.1671,[-30.9491 -29.0509 ],42.4476,0.0039,127,0.0001
193,-85.2070,[4.8058 -4.7271 ],[-0.1144 -0.1218 ],0.1671,[29.0658 30.9342 ],42.4470,0.0039,127,0.0001
194,-85.2138,[4.6914 -4.8489 ],[0.1217 0.1145 ],0.1671,[-30.9195 -29.0805 ],42.4463,0.0039,127,0.0001
195,-85.2204,[4.8131 -4.7344 ],[-0.1145 -0.1217 ],0.1671,[29.0950 30.9050 ],42.4457,0.0039,127,0.0001
196,-85.2268,[4.6986 -4.8561 ],[0.1216 0.1146 ],0.1671,[-30.8907 -29.1093 ],42.4451,0.0039,127,0.0001
197,-85.2330,[4.8202 -4.7415 ],[-0.1147 -0.1216 ],0.1671,[29.1233 30.8767 ],42.4445,0.0039,127,0.0001
198,-85.2390,[4.7055 -4.8630 ],[0.1215 0.1147 ],0.1671,[-30.8629 -29.1371 ],42.4440,0.0039,127,0.0001
199,-85.2449,[4.8270 -4.7483 ],[-0.1148 -0.1215 ],0.1671,[29.1507 30.8493 ],42.4434,0.0039,127,0.0001
200,-85.2505,[4.7123 -4.8698 ],[0.1214 0.1148 ],0.1671,[-30.8359 -29.1641 ],42.4429,0.0039,127,0.0001
201,-85.2560,[4.8337 -4.7549 ],[-0.1149 -0.1213 ],0.1671,[29.1772 30.8228 ],42.4424,0.0039,127,0.0001
202,-85.2612,[4.7188 -4.8763 ],[0.1213 0.1149 ],0.1671,[-30.8098 -29.1902 ],42.4419,0.0039,127,0.0001
203,-85.2664,[4.8401 -4.7614 ],[-0.1150 -0.1212 ],0.1671,[29.2029 30.7971 ],42.4414,0.0039,127,0.0001
204,-85.2713,[4.7251 -4.8826 ],[0.1212 0.1150 ],0.1671,[-30.7845 -29.2155 ],42.4409,0.0039,127,0.0001
205,-85.2761,[4.8463 -4.7676 ],[-0.1151 -0.1212 ],0.1671,[29.2278 30.7722 ],42.4405,0.0039,127,0.0001
206,-85.2808,[4.7313 -4.8887 ],[0.1211 0.1151 ],0.1671,[-30.7600 -29.2400 ],42.4400,0.0039,127,0.0001
207,-85.2853,[4.8524 -4.7736 ],[-0.1152 -0.1211 ],0.1671,[29.2520 30.7480 ],42.4396,0.0039,127,0.0001
208,-85.2897,[4.7372 -4.8947 ],[0.1210 0.1152 ],0.1671,[-30.7363 -29.2637 ],42.4392,0.0039,127,0.0001
209,-85.2939,[4.8582 -4.7795 ],[-0.1153 -0.1210 ],0.1671,[29.2753 30.7247 ],42.4388,0.0039,127,0.0001
210,-85.2980,[4.7429 -4.9004 ],[0.1209 0.1153 ],0.1671,[-30.7132 -29.2868 ],42.4384,0.0039,127,0.0001
211,-85.3020,[4.8639 -4.7851 ],[-0.1153 -0.1209 ],0.1671,[29.2980 30.7020 ],42.4380,0.0039,127,0.0001
212,-85.3058,[4.7485 -4.9060 ],[0.1208 0.1154 ],0.1671,[-30.6910 -29.3090 ],42.4377,0.0039,127,0.0001
213,-85.3096,[4.8694 -4.7906 ],[-0.1154 -0.1208 ],0.1671,[29.3199 30.6801 ],42.4373,0.0039,127,0.0001
214,-85.3132,[4.7539 -4.9114 ],[0.1207 0.1155 ],0.1671,[-30.6694 -29.3306 ],42.4370,0.0039,127,0.0001
215,-85.3167,[4.8747 -4.7959 ],[-0.1155 -0.1207 ],0.1671,[29.3412 30.6588 ],42.4366,0.0039,127,0.0001
216,-85.3201,[4.7591 -4.9166 ],[0.1207 0.1156 ],0.1671,[-30.6485 -29.3515 ],42.4363,0.0039,127,0.0001
217,-85.3234,[4.8798 -4.8011 ],[-0.1156 -0.1206 ],0.1671,[29.3618 30.6382 ],42.4360,0.0039,127,0.0001
218,-85.3265,[4.7642 -4.9217 ],[0.1206 0.1156 ],0.1671,[-30.6282 -29.3718 ],42.4357,0.0039,127,0.0001
219,-85.3296,[4.8848 -4.8061 ],[-0.1157 -0.1205 ],0.1671,[29.3817 30.6183 ],42.4354,0.0039,127,0.0001
220,-85.3326,[4.7691 -4.9266 ],[0.1205 0.1157 ],0.1671,[-30.6086 -29.3914 ],42.4351,0.0039,127,0.0001
221,-85.3355,[4.8896 -4.8109 ],[-0.1158 -0.1205 ],0.1671,[29.4010 30.5990 ],42.4349,0.0039,127,0.0001
222,-85.3383,[4.7739 -4.9314 ],[0.1204 0.1158 ],0.1671,[-30.5895 -29.4105 ],42.4346,0.0039,127,0.0001
223,-85.3410,[4.8943 -4.8156 ],[-0.1158 -0.1204 ],0.1671,[29.4197 30.5803 ],42.4343,0.0039,127,0.0001
224,-85.3437,[4.7785 -4.9360 ],[0.1204 0.1159 ],0.1671,[-30.5711 -29.4289 ],42.4341,0.0039,127,0.0001
225,-85.3462,[4.8988 -4.8201 ],[-0.1159 -0.1203 ],0.1671,[29.4379 30.5621 ],42.4339,0.0039,127,0.0001
226,-85.3487,[4.7829 -4.9404 ],[0.1203 0.1159 ],0.1671,[-30.5533 -29.4467 ],42.4336,0.0039,127,0.0001
227,-85.3511,[4.9032 -4.8245 ],[-0.1160 -0.1203 ],0.1671,[29.4554 30.5446 ],42.4334,0.0039,127,0.0001
228,-85.3534,[4.7873 -4.9447 ],[0.1202 0.1160 ],0.1671,[-30.5360 -29.4640 ],42.4332,0.0039,127,0.0001
229,-85.3556,[4.9075 -4.8287 ],[-0.1160 -0.1202 ],0.1671,[29.4725 30.5275 ],42.4330,0.0039,127,0.0001
230,-85.3578,[4.7915 -4.9489 ],[0.1202 0.1161 ],0.1671,[-30.5192 -29.4808 ],42.4328,0.0039,127,0.0001
231,-85.3599,[4.9116 -4.8329 ],[-0.1161 -0.1201 ],0.1671,[29.4889 30.5111 ],42.4326,0.0039,127,0.0001
232,-85.3619,[4.7955 -4.9530 ],[0.1201 0.1161 ],0.1671,[-30.5030 -29.4970 ],42.4324,0.0039,127,0.0001
233,-85.3639,[4.9156 -4.8369 ],[-0.1162 -0.1201 ],0.1671,[29.5049 30.4951 ],42.4322,0.0039,127,0.0001
234,-85.3658,[4.7994 -4.9569 ],[0.1200 0.1162 ],0.1671,[-30.4873 -29.5127 ],42.4320,0.0039,127,0.0001
235,-85.3677,[4.9195 -4.8407 ],[-0.1162 -0.1200 ],0.1671,[29.5204 30.4796 ],42.4318,0.0039,127,0.0001
236,-85.3695,[4.8032 -4.9607 ],[0.1200 0.1163 ],0.1671,[-30.4721 -29.5279 ],42.4317,0.0039,127,0.0001
237,-85.3712,[4.9232 -4.8445 ],[-0.1163 -0.1199 ],0.1671,[29.5354 30.4646 ],42.4315,0.0039,127,0.0001
238,-85.3729,[4.8069 -4.9644 ],[0.1199 0.1163 ],0.1671,[-30.4573 -29.5427 ],42.4313,0.0039,127,0.0001
239,-85.3745,[4.9268 -4.8481 ],[-0.1163 -0.1199 ],0.1671,[29.5499 30.4501 ],42.4312,0.0039,127,0.0001
240,-85.3761,[4.8105 -4.9680 ],[0.1199 0.1164 ],0.1671,[-30.4430 -29.5570 ],42.4310,0.0039,127,0.0001
241,-85.3777,[4.9304 -4.8516 ],[-0.1164 -0.1198 ],0.1671,[29.5640 30.4360 ],42.4309,0.0039,127,0.0001
242,-85.3791,[4.8140 -4.9714 ],[0.1198 0.1164 ],0.1671,[-30.4292 -29.5708 ],42.4307,0.0039,127,0.0001
243,-85.3806,[4.9338 -4.8550 ],[-0.1164 -0.1198 ],0.1670,[29.5776 30.4224 ],42.4306,0.0039,127,0.0001
244,-85.3820,[4.8173 -4.9748 ],[0.1197 0.1165 ],0.1670,[-30.4158 -29.5842 ],42.4305,0.0039,127,0.0001
245,-85.3833,[4.9371 -4.8583 ],[-0.1165 -0.1197 ],0.1670,[29.5908 30.4092 ],42.4304,0.0039,127,0.0001
246,-85.3846,[4.8206 -4.9780 ],[0.1197 0.1165 ],0.1670,[-30.4028 -29.5972 ],42.4302,0.0039,127,0.0001
247,-85.3859,[4.9403 -4.8615 ],[-0.1165 -0.1197 ],0.1670,[29.6036 30.3964 ],42.4301,0.0039,127,0.0001
248,-85.3871,[4.8237 -4.9812 ],[0.1196 0.1166 ],0.1670,[-30.3902 -29.6098 ],42.4300,0.0039,127,0.0001
249,-85.3883,[4.9434 -4.8646 ],[-0.1166 -0.1196 ],0.1670,[29.6160 30.3840 ],42.4299,0.0039,127,0.0001
250,-85.3895,[4.8268 -4.9842 ],[0.1196 0.1166 ],0.1670,[-30.3780 -29.6220 ],42.4298,0.0039,127,0.0001
251,-85.3906,[4.9464 -4.8676 ],[-0.1166 -0.1196 ],0.1670,[29.6280 30.3720 ],42.4297,0.0039,127,0.0001
252,-85.3917,[4.8297 -4.9872 ],[0.1196 0.1167 ],0.1670,[-30.3662 -29.6338 ],42.4296,0.0039,127,0.0001
253,-85.3927,[4.9493 -4.8705 ],[-0.1167 -0.1195 ],0.1670,[29.6396 30.3604 ],42.4295,0.0039,127,0.0001
254,-85.3937,[4.8326 -4.9901 ],[0.1195 0.1167 ],0.1670,[-30.3547 -29.6453 ],42.4294,0.0039,127,0.0001
255,-85.3947,[4.9521 -4.8733 ],[-0.1167 -0.1195 ],0.1670,[29.6508 30.3492 ],42.4293,0.0039,127,0.0001
256,-85.3957,[4.8353 -4.9928 ],[0.1195 0.1168 ],0.1670,[-30.3437 -29.6563 ],42.4292,0.0039,127,0.0001
257,-85.3966,[4.9548 -4.8761 ],[-0.1168 -0.1194 ],0.1670,[29.6618 30.3382 ],42.4291,0.0039,127,0.0001
258,-85.3975,[4.8380 -4.9955 ],[0.1194 0.1168 ],0.1670,[-30.3329 -29.6671 ],42.4290,0.0039,127,0.0001
259,-85.3984,[4.9575 -4.8787 ],[-0.1168 -0.1194 ],0.1670,[29.6723 30.3277 ],42.4289,0.0039,127,0.0001
260,-85.3992,[4.8406 -4.9981 ],[0.1194 0.1168 ],0.1670,[-30.3225 -29.6775 ],42.4289,0.0039,127,0.0001
261,-85.4000,[4.9600 -4.8813 ],[-0.1169 -0.1194 ],0.1670,[29.6826 30.3174 ],42.4288,0.0039,127,0.0001
262,-85.4008,[4.8431 -5.0006 ],[0.1193 0.1169 ],0.1670,[-30.3124 -29.6876 ],42.4287,0.0039,127,0.0001
263,-85.4016,[4.9625 -4.8837 ],[-0.1169 -0.1193 ],0.1670,[29.6925 30.3075 ],42.4286,0.0039,127,0.0001
264,-85.4023,[4.8456 -5.0031 ],[0.1193 0.1169 ],0.1670,[-30.3027 -29.6973 ],42.4286,0.0039,127,0.0001
265,-85.4030,[4.9649 -4.8862 ],[-0.1169 -0.1193 ],0.1670,[29.7021 30.2979 ],42.4285,0.0039,127,0.0001
266,-85.4037,[4.8480 -5.0054 ],[0.1193 0.1170 ],0.1670,[-30.2932 -29.7068 ],42.4284,0.0039,127,0.0001
267,-85.4044,[4.9672 -4.8885 ],[-0.1170 -0.1192 ],0.1670,[29.7114 30.2886 ],42.4284,0.0039,127,0.0001
268,-85.4050,[4.8502 -5.0077 ],[0.1192 0.1170 ],0.1670,[-30.2841 -29.7159 ],42.4283,0.0039,127,0.0001
269,-85.4057,[4.9695 -4.8907 ],[-0.1170 -0.1192 ],0.1670,[29.7204 30.2796 ],42.4282,0.0039,127,0.0001
270,-85.4063,[4.8525 -5.0099 ],[0.1192 0.1170 ],0.1670,[-30.2752 -29.7248 ],42.4282,0.0039,127,0.0001
271,-85.4069,[4.9717 -4.8929 ],[-0.1170 -0.1192 ],0.1670,[29.7292 30.2708 ],42.4281,0.0039,127,0.0001
272,-85.4074,[4.8546 -5.0121 ],[0.1192 0.1171 ],0.1670,[-30.2666 -29.7334 ],42.4281,0.0039,127,0.0001
273,-85.4080,[4.9738 -4.8950 ],[-0.1171 -0.1191 ],0.1670,[29.7376 30.2624 ],42.4280,0.0039,127,0.0001
274,-85.4085,[4.8567 -5.0142 ],[0.1191 0.1171 ],0.1670,[-30.2583 -29.7417 ],42.4280,0.0039,127,0.0001
275,-85.4090,[4.9758 -4.8971 ],[-0.1171 -0.1191 ],0.1670,[29.7458 30.2542 ],42.4279,0.0039,127,0.0001
276,-85.4095,[4.8587 -5.0162 ],[0.1191 0.1171 ],0.1670,[-30.2502 -29.7498 ],42.4279,0.0039,127,0.0001
277,-85.4100,[4.9778 -4.8991 ],[-0.1171 -0.1191 ],0.1670,[29.7538 30.2462 ],42.4278,0.0039,127,0.0001
278,-85.4105,[4.8607 -5.0181 ],[0.1191 0.1172 ],0.1670,[-30.2424 -29.7576 ],42.4278,0.0039,127,0.0001
279,-85.4110,[4.9797 -4.9010 ],[-0.1172 -0.1190 ],0.1670,[29.7615 30.2385 ],42.4277,0.0039,127,0.0001
280,-85.4114,[4.8626 -5.0200 ],[0.1190 0.1172 ],0.1670,[-30.2348 -29.7652 ],42.4277,0.0039,127,0.0001
281,-85.4118,[4.9816 -4.9029 ],[-0.1172 -0.1190 ],0.1670,[29.7689 30.2311 ],42.4277,0.0039,127,0.0001
282,-85.4123,[4.8644 -5.0219 ],[0.1190 0.1172 ],0.1670,[-30.2275 -29.7725 ],42.4276,0.0039,127,0.0001
283,-85.4127,[4.9834 -4.9047 ],[-0.1172 -0.1190 ],0.1670,[29.7761 30.2239 ],42.4276,0.0039,127,0.0001
284,-85.4131,[4.8662 -5.0237 ],[0.1190 0.1172 ],0.1670,[-30.2203 -29.7797 ],42.4276,0.0039,127,0.0001
285,-85.4134,[4.9852 -4.9064 ],[-0.1173 -0.1190 ],0.1670,[29.7831 30.2169 ],42.4275,0.0039,127,0.0001
286,-85.4138,[4.8679 -5.0254 ],[0.1190 0.1173 ],0.1670,[-30.2135 -29.7865 ],42.4275,0.0039,127,0.0001
287,-85.4142,[4.9868 -4.9081 ],[-0.1173 -0.1189 ],0.1670,[29.7899 30.2101 ],42.4274,0.0039,127,0.0001
288,-85.4145,[4.8696 -5.0270 ],[0.1189 0.1173 ],0.1670,[-30.2068 -29.7932 ],42.4274,0.0039,127,0.0001
289,-85.4148,[4.9885 -4.9097 ],[-0.1173 -0.1189 ],0.1670,[29.7965 30.2035 ],42.4274,0.0039,127,0.0001
290,-85.4152,[4.8712 -5.0287 ],[0.1189 0.1173 ],0.1670,[-30.2003 -29.7997 ],42.4274,0.0039,127,0.0001
291,-85.4155,[4.9901 -4.9113 ],[-0.1173 -0.1189 ],0.1670,[29.8028 30.1972 ],42.4273,0.0039,127,0.0001
292,-85.4158,[4.8727 -5.0302 ],[0.1189 0.1173 ],0.1670,[-30.1941 -29.8059 ],42.4273,0.0039,127,0.0001
293,-85.4161,[4.9916 -4.9129 ],[-0.1174 -0.1189 ],0.1670,[29.8090 30.1910 ],42.4273,0.0039,127,0.0001
294,-85.4164,[4.8743 -5.0317 ],[0.1189 0.1174 ],0.1670,[-30.1880 -29.8120 ],42.4272,0.0039,127,0.0001
295,-85.4166,[4.9931 -4.9144 ],[-0.1174 -0.1188 ],0.1670,[29.8150 30.1850 ],42.4272,0.0039,127,0.0001
296,-85.4169,[4.8757 -5.0332 ],[0.1188 0.1174 ],0.1670,[-30.1821 -29.8179 ],42.4272,0.0039,127,0.0001
297,-85.4172,[4.9946 -4.9158 ],[-0.1174 -0.1188 ],0.1670,[29.8207 30.1793 ],42.4272,0.0039,127,0.0001
298,-85.4174,[4.8772 -5.0346 ],[0.1188 0.1174 ],0.1670,[-30.1764 -29.8236 ],42.4271,0.0039,127,0.0001
299,-85.4177,[4.9960 -4.9172 ],[-0.1174 -0.1188 ],0.1670,[29.8263 30.1737 ],42.4271,0.0039,127,0.0001
300,-85.4179,[4.8785 -5.0360 ],[0.1188 0.1174 ],0.1670,[-30.1709 -29.8291 ],42.4271,0.0039,127,0.0001
301,-85.4181,[4.9973 -4.9186 ],[-0.1174 -0.1188 ],0.1670,[29.8318 30.1682 ],42.4271,0.0039,127,0.0001
302,-85.4183,[4.8799 -5.0373 ],[0.1188 0.1175 ],0.1670,[-30.1656 -29.8344 ],42.4271,0.0039,127,0.0001
303,-85.4186,[4.9986 -4.9199 ],[-0.1175 -0.1188 ],0.1670,[29.8370 30.1630 ],42.4270,0.0039,127,0.0001
304,-85.4188,[4.8812 -5.0386 ],[0.1187 0.1175 ],0.1670,[-30.1604 -29.8396 ],42.4270,0.0039,127,0.0001
305,-85.4190,[4.9999 -4.9212 ],[-0.1175 -0.1187 ],0.1670,[29.8421 30.1579 ],42.4270,0.0039,127,0.0001
306,-85.4192,[4.8824 -5.0399 ],[0.1187 0.1175 ],0.1670,[-30.1554 -29.8446 ],42.4270,0.0039,127,0.0001
307,-85.4193,[5.0011 -4.9224 ],[-0.1175 -0.1187 ],0.1670,[29.8470 30.1530 ],42.4270,0.0039,127,0.0001
308,-85.4195,[4.8836 -5.0411 ],[0.1187 0.1175 ],0.1670,[-30.1505 -29.8495 ],42.4269,0.0039,127,0.0001
309,-85.4197,[5.0023 -4.9236 ],[-0.1175 -0.1187 ],0.1670,[29.8518 30.1482 ],42.4269,0.0039,127,0.0001
310,-85.4199,[4.8848 -5.0423 ],[0.1187 0.1175 ],0.1670,[-30.1458 -29.8542 ],42.4269,0.0039,127,0.0001
311,-85.4200,[5.0035 -4.9247 ],[-0.1175 -0.1187 ],0.1670,[29.8565 30.1435 ],42.4269,0.0039,127,0.0001
312,-85.4202,[4.8859 -5.0434 ],[0.1187 0.1176 ],0.1670,[-30.1413 -29.8587 ],42.4269,0.0039,127,0.0001
313,-85.4204,[5.0046 -4.9259 ],[-0.1176 -0.1187 ],0.1670,[29.8609 30.1391 ],42.4269,0.0039,127,0.0001
314,-85.4205,[4.8870 -5.0445 ],[0.1186 0.1176 ],0.1670,[-30.1369 -29.8631 ],42.4268,0.0039,127,0.0001
315,-85.4207,[5.0057 -4.9270 ],[-0.1176 -0.1186 ],0.1670,[29.8653 30.1347 ],42.4268,0.0039,127,0.0001
316,-85.4208,[4.8881 -5.0456 ],[0.1186 0.1176 ],0.1670,[-30.1326 -29.8674 ],42.4268,0.0039,127,0.0001
317,-85.4209,[5.0067 -4.9280 ],[-0.1176 -0.1186 ],0.1670,[29.8695 30.1305 ],42.4268,0.0039,127,0.0001
318,-85.4211,[4.8891 -5.0466 ],[0.1186 0.1176 ],0.1670,[-30.1284 -29.8716 ],42.4268,0.0039,127,0.0001
319,-85.4212,[5.0078 -4.9290 ],[-0.1176 -0.1186 ],0.1670,[29.8736 30.1264 ],42.4268,0.0039,127,0.0001
320,-85.4213,[4.8902 -5.0476 ],[0.1186 0.1176 ],0.1670,[-30.1244 -29.8756 ],42.4268,0.0039,127,0.0001
321,-85.4214,[5.0088 -4.9300 ],[-0.1176 -0.1186 ],0.1670,[29.8775 30.1225 ],42.4268,0.0039,127,0.0001
322,-85.4216,[4.8911 -5.0486 ],[0.1186 0.1176 ],0.1670,[-30.1205 -29.8795 ],42.4267,0.0039,127,0.0001
323,-85.4217,[5.0097 -4.9310 ],[-0.1176 -0.1186 ],0.1670,[29.8814 30.1186 ],42.4267,0.0039,127,0.0001
324,-85.4218,[4.8921 -5.0495 ],[0.1186 0.1177 ],0.1670,[-30.1168 -29.8832 ],42.4267,0.0039,127,0.0001
325,-85.4219,[5.0106 -4.9319 ],[-0.1177 -0.1186 ],0.1670,[29.8851 30.1149 ],42.4267,0.0039,127,0.0001
326,-85.4220,[4.8930 -5.0505 ],[0.1186 0.1177 ],0.1670,[-30.1131 -29.8869 ],42.4267,0.0039,127,0.0001
327,-85.4221,[5.0115 -4.9328 ],[-0.1177 -0.1185 ],0.1670,[29.8887 30.1113 ],42.4267,0.0039,127,0.0001
328,-85.4222,[4.8939 -5.0513 ],[0.1185 0.1177 ],0.1670,[-30.1096 -29.8904 ],42.4267,0.0039,127,0.0001
329,-85.4223,[5.0124 -4.9337 ],[-0.1177 -0.1185 ],0.1670,[29.8921 30.1079 ],42.4267,0.0039,127,0.0001
330,-85.4224,[4.8947 -5.0522 ],[0.1185 0.1177 ],0.1670,[-30.1062 -29.8938 ],42.4267,0.0039,127,0.0001
331,-85.4225,[5.0132 -4.9345 ],[-0.1177 -0.1185 ],0.1670,[29.8955 30.1045 ],42.4267,0.0039,127,0.0001
332,-85.4226,[4.8955 -5.0530 ],[0.1185 0.1177 ],0.1670,[-30.1029 -29.8971 ],42.4267,0.0039,127,0.0001
333,-85.4226,[5.0141 -4.9353 ],[-0.1177 -0.1185 ],0.1670,[29.8988 30.1012 ],42.4266,0.0039,127,0.0001
334,-85.4227,[4.8964 -5.0538 ],[0.1185 0.1177 ],0.1670,[-30.0996 -29.9004 ],42.4266,0.0039,127,0.0001
335,-85.4228,[5.0149 -4.9361 ],[-0.1177 -0.1185 ],0.1670,[29.9019 30.0981 ],42.4266,0.0039,127,0.0001
336,-85.4229,[4.8971 -5.0546 ],[0.1185 0.1177 ],0.1670,[-30.0965 -29.9035 ],42.4266,0.0039,127,0.0001
337,-85.4229,[5.0156 -4.9369 ],[-0.1177 -0.1185 ],0.1670,[29.9050 30.0950 ],42.4266,0.0039,127,0.0001
338,-85.4230,[4.8979 -5.0554 ],[0.1185 0.1177 ],0.1670,[-30.0935 -29.9065 ],42.4266,0.0039,127,0.0001
339,-85.4231,[5.0164 -4.9376 ],[-0.1177 -0.1185 ],0.1670,[29.9080 30.0920 ],42.4266,0.0039,127,0.0001
340,-85.4231,[4.8986 -5.0561 ],[0.1185 0.1178 ],0.1670,[-30.0906 -29.9094 ],42.4266,0.0039,127,0.0001
341,-85.4232,[5.0171 -4.9383 ],[-0.1178 -0.1185 ],0.1670,[29.9108 30.0892 ],42.4266,0.0039,127,0.0001
342,-85.4233,[4.8993 -5.0568 ],[0.1185 0.1178 ],0.1670,[-30.0878 -29.9122 ],42.4266,0.0039,127,0.0001
343,-85.4233,[5.0178 -4.9390 ],[-0.1178 -0.1185 ],0.1670,[29.9136 30.0864 ],42.4266,0.0039,127,0.0001
344,-85.4234,[4.9000 -5.0575 ],[0.1184 0.1178 ],0.1670,[-30.0850 -29.9150 ],42.4266,0.0039,127,0.0001
345,-85.4234,[5.0185 -4.9397 ],[-0.1178 -0.1184 ],0.1670,[29.9163 30.0837 ],42.4266,0.0039,127,0.0001
346,-85.4235,[4.9007 -5.0582 ],[0.1184 0.1178 ],0.1670,[-30.0824 -29.9176 ],42.4266,0.0039,127,0.0001
347,-85.4236,[5.0191 -4.9404 ],[-0.1178 -0.1184 ],0.1670,[29.9189 30.0811 ],42.4266,0.0039,127,0.0001
348,-85.4236,[4.9013 -5.0588 ],[0.1184 0.1178 ],0.1670,[-30.0798 -29.9202 ],42.4266,0.0039,127,0.0001
349,-85.4237,[5.0197 -4.9410 ],[-0.1178 -0.1184 ],0.1670,[29.9215 30.0785 ],42.4266,0.0039,127,0.0001
350,-85.4237,[4.9019 -5.0594 ],[0.1184 0.1178 ],0.1670,[-30.0773 -29.9227 ],42.4265,0.0039,127,0.0001
351,-85.4238,[5.0204 -4.9416 ],[-0.1178 -0.1184 ],0.1670,[29.9239 30.0761 ],42.4265,0.0039,127,0.0001
352,-85.4238,[4.9025 -5.0600 ],[0.1184 0.1178 ],0.1670,[-30.0749 -29.9251 ],42.4265,0.0039,127,0.0001
353,-85.4238,[5.0209 -4.9422 ],[-0.1178 -0.1184 ],0.1670,[29.9263 30.0737 ],42.4265,0.0039,127,0.0001
354,-85.4239,[4.9031 -5.0606 ],[0.1184 0.1178 ],0.1670,[-30.0725 -29.9275 ],42.4265,0.0039,127,0.0001
355,-85.4239,[5.0215 -4.9428 ],[-0.1178 -0.1184 ],0.1670,[29.9286 30.0714 ],42.4265,0.0039,127,0.0001
356,-85.4240,[4.9037 -5.0612 ],[0.1184 0.1178 ],0.1670,[-30.0703 -29.9297 ],42.4265,0.0039,127,0.0001
357,-85.4240,[5.0221 -4.9433 ],[-0.1178 -0.1184 ],0.1670,[29.9308 30.0692 ],42.4265,0.0039,127,0.0001
358,-85.4240,[4.9042 -5.0617 ],[0.1184 0.1178 ],0.1670,[-30.0681 -29.9319 ],42.4265,0.0039,127,0.0001
359,-85.4241,[5.0226 -4.9439 ],[-0.1178 -0.1184 ],0.1670,[29.9330 30.0670 ],42.4265,0.0039,127,0.0001
360,-85.4241,[4.9048 -5.0623 ],[0.1184 0.1179 ],0.1670,[-30.0659 -29.9341 ],42.4265,0.0039,127,0.0001
361,-85.4241,[5.0231 -4.9444 ],[-0.1179 -0.1184 ],0.1670,[29.9351 30.0649 ],42.4265,0.0039,127,0.0001
362,-85.4242,[4.9053 -5.0628 ],[0.1184 0.1179 ],0.1670,[-30.0639 -29.9361 ],42.4265,0.0039,127,0.0001
363,-85.4242,[5.0237 -4.9449 ],[-0.1179 -0.1184 ],0.1670,[29.9371 30.0629 ],42.4265,0.0039,127,0.0001
364,-85.4242,[4.9058 -5.0633 ],[0.1184 0.1179 ],0.1670,[-30.0619 -29.9381 ],42.4265,0.0039,127,0.0001
365,-85.4243,[5.0241 -4.9454 ],[-0.1179 -0.1184 ],0.1670,[29.9391 30.0609 ],42.4265,0.0039,127,0.0001
366,-85.4243,[4.9063 -5.0638 ],[0.1183 0.1179 ],0.1670,[-30.0600 -29.9400 ],42.4265,0.0039,127,0.0001
367,-85.4243,[5.0246 -4.9459 ],[-0.1179 -0.1183 ],0.1670,[29.9410 30.0590 ],42.4265,0.0039,127,0.0001
368,-85.4244,[4.9067 -5.0642 ],[0.1183 0.1179 ],0.1670,[-30.0581 -29.9419 ],42.4265,0.0039,127,0.0001
369,-85.4244,[5.0251 -4.9463 ],[-0.1179 -0.1183 ],0.1670,[29.9428 30.0572 ],42.4265,0.0039,127,0.0001
370,-85.4244,[4.9072 -5.0647 ],[0.1183 0.1179 ],0.1670,[-30.0563 -29.9437 ],42.4265,0.0039,127,0.0001
371,-85.4244,[5.0255 -4.9468 ],[-0.1179 -0.1183 ],0.1670,[29.9446 30.0554 ],42.4265,0.0039,127,0.0001
372,-85.4245,[4.9076 -5.0651 ],[0.1183 0.1179 ],0.1670,[-30.0545 -29.9455 ],42.4265,0.0039,127,0.0001
373,-85.4245,[5.0260 -4.9472 ],[-0.1179 -0.1183 ],0.1670,[29.9464 30.0536 ],42.4265,0.0039,127,0.0001
374,-85.4245,[4.9081 -5.0655 ],[0.1183 0.1179 ],0.1670,[-30.0528 -29.9472 ],42.4265,0.0039,127,0.0001
375,-85.4245,[5.0264 -4.9476 ],[-0.1179 -0.1183 ],0.1670,[29.9480 30.0520 ],42.4265,0.0039,127,0.0001
376,-85.4245,[4.9085 -5.0660 ],[0.1183 0.1179 ],0.1670,[-30.0512 -29.9488 ],42.4265,0.0039,127,0.0001
377,-85.4246,[5.0268 -4.9480 ],[-0.1179 -0.1183 ],0.1670,[29.9497 30.0503 ],42.4265,0.0039,127,0.0001
378,-85.4246,[4.9089 -5.0664 ],[0.1183 0.1179 ],0.1670,[-30.0496 -29.9504 ],42.4265,0.0039,127,0.0001
379,-85.4246,[5.0272 -4.9484 ],[-0.1179 -0.1183 ],0.1670,[29.9512 30.0488 ],42.4265,0.0039,127,0.0001
380,-85.4246,[4.9093 -5.0667 ],[0.1183 0.1179 ],0.1670,[-30.0480 -29.9520 ],42.4265,0.0039,127,0.0001
381,-85.4246,[5.0276 -4.9488 ],[-0.1179 -0.1183 ],0.1670,[29.9527 30.0473 ],42.4265,0.0039,127,0.0001
382,-85.4247,[4.9096 -5.0671 ],[0.1183 0.1179 ],0.1670,[-30.0465 -29.9535 ],42.4265,0.0039,127,0.0001
383,-85.4247,[5.0279 -4.9492 ],[-0.1179 -0.1183 ],0.1670,[29.9542 30.0458 ],42.4265,0.0039,127,0.0001
384,-85.4247,[4.9100 -5.0675 ],[0.1183 0.1179 ],0.1670,[-30.0451 -29.9549 ],42.4265,0.0039,127,0.0001
385,-85.4247,[5.0283 -4.9495 ],[-0.1179 -0.1183 ],0.1670,[29.9557 30.0443 ],42.4265,0.0039,127,0.0001
386,-85.4247,[4.9103 -5.0678 ],[0.1183 0.1179 ],0.1670,[-30.0436 -29.9564 ],42.4265,0.0039,127,0.0001
387,-85.4247,[5.0286 -4.9499 ],[-0.1179 -0.1183 ],0.1670,[29.9570 30.0430 ],42.4265,0.0039,127,0.0001
388,-85.4247,[4.9107 -5.0682 ],[0.1183 0.1179 ],0.1670,[-30.0423 -29.9577 ],42.4264,0.0039,127,0.0001
389,-85.4248,[5.0290 -4.9502 ],[-0.1179 -0.1183 ],0.1670,[29.9584 30.0416 ],42.4264,0.0039,127,0.0001
390,-85.4248,[4.9110 -5.0685 ],[0.1183 0.1179 ],0.1670,[-30.0410 -29.9590 ],42.4264,0.0039,127,0.0001
391,-85.4248,[5.0293 -4.9506 ],[-0.1180 -0.1183 ],0.1670,[29.9597 30.0403 ],42.4264,0.0039,127,0.0001
392,-85.4248,[4.9113 -5.0688 ],[0.1183 0.1180 ],0.1670,[-30.0397 -29.9603 ],42.4264,0.0039,127,0.0001
393,-85.4248,[5.0296 -4.9509 ],[-0.1180 -0.1183 ],0.1670,[29.9609 30.0391 ],42.4264,0.0039,127,0.0001
394,-85.4248,[4.9116 -5.0691 ],[0.1183 0.1180 ],0.1670,[-30.0384 -29.9616 ],42.4264,0.0039,127,0.0001
395,-85.4248,[5.0299 -4.9512 ],[-0.1180 -0.1183 ],0.1670,[29.9622 30.0378 ],42.4264,0.0039,127,0.0001
396,-85.4249,[4.9119 -5.0694 ],[0.1183 0.1180 ],0.1670,[-30.0372 -29.9628 ],42.4264,0.0039,127,0.0001
397,-85.4249,[5.0302 -4.9515 ],[-0.1180 -0.1183 ],0.1670,[29.9633 30.0367 ],42.4264,0.0039,127,0.0001
398,-85.4249,[4.9122 -5.0697 ],[0.1183 0.1180 ],0.1670,[-30.0361 -29.9639 ],42.4264,0.0039,127,0.0001
399,-85.4249,[5.0305 -4.9518 ],[-0.1180 -0.1183 ],0.1670,[29.9645 30.0355 ],42.4264,0.0039,127,0.0001
400,-85.4249,[4.9125 -5.0700 ],[0.1182 0.1180 ],0.1670,[-30.0349 -29.9651 ],42.4264,0.0039,127,0.0001
401,-85.4249,[5.0308 -4.9520 ],[-0.1180 -0.1182 ],0.1670,[29.9656 30.0344 ],42.4264,0.0039,127,0.0001
402,-85.4249,[4.9128 -5.0703 ],[0.1182 0.1180 ],0.1670,[-30.0339 -29.9661 ],42.4264,0.0039,127,0.0001
403,-85.4249,[5.0310 -4.9523 ],[-0.1180 -0.1182 ],0.1670,[29.9667 30.0333 ],42.4264,0.0039,127,0.0001
404,-85.4249,[4.9131 -5.0705 ],[0.1182 0.1180 ],0.1670,[-30.0328 -29.9672 ],42.4264,0.0039,127,0.0001
405,-85.4249,[5.0313 -4.9526 ],[-0.1180 -0.1182 ],0.1670,[29.9677 30.0323 ],42.4264,0.0039,127,0.0001
406,-85.4249,[4.9133 -5.0708 ],[0.1182 0.1180 ],0.1670,[-30.0318 -29.9682 ],42.4264,0.0039,127,0.0001
407,-85.4250,[5.0316 -4.9528 ],[-0.1180 -0.1182 ],0.1670,[29.9687 30.0313 ],42.4264,0.0039,127,0.0001
408,-85.4250,[4.9136 -5.0710 ],[0.1182 0.1180 ],0.1670,[-30.0308 -29.9692 ],42.4264,0.0039,127,0.0001
409,-85.4250,[5.0318 -4.9531 ],[-0.1180 -0.1182 ],0.1670,[29.9697 30.0303 ],42.4264,0.0039,127,0.0001
410,-85.4250,[4.9138 -5.0713 ],[0.1182 0.1180 ],0.1670,[-30.0298 -29.9702 ],42.4264,0.0039,127,0.0001
411,-85.4250,[5.0320 -4.9533 ],[-0.1180 -0.1182 ],0.1670,[29.9707 30.0293 ],42.4264,0.0039,127,0.0001
412,-85.4250,[4.9140 -5.0715 ],[0.1182 0.1180 ],0.1670,[-30.0289 -29.9711 ],42.4264,0.0039,127,0.0001
413,-85.4250,[5.0323 -4.9535 ],[-0.1180 -0.1182 ],0.1670,[29.9716 30.0284 ],42.4264,0.0039,127,0.0001
414,-85.4250,[4.9143 -5.0717 ],[0.1182 0.1180 ],0.1670,[-30.0280 -29.9720 ],42.4264,0.0039,127,0.0001
415,-85.4250,[5.0325 -4.9537 ],[-0.1180 -0.1182 ],0.1670,[29.9725 30.0275 ],42.4264,0.0039,127,0.0001
416,-85.4250,[4.9145 -5.0720 ],[0.1182 0.1180 ],0.1670,[-30.0271 -29.9729 ],42.4264,0.0039,127,0.0001
417,-85.4250,[5.0327 -4.9540 ],[-0.1180 -0.1182 ],0.1670,[29.9733 30.0267 ],42.4264,0.0039,127,0.0001
418,-85.4250,[4.9147 -5.0722 ],[0.1182 0.1180 ],0.1670,[-30.0263 -29.9737 ],42.4264,0.0039,127,0.0001
419,-85.4250,[5.0329 -4.9542 ],[-0.1180 -0.1182 ],0.1670,[29.9742 30.0258 ],42.4264,0.0039,127,0.0001
420,-85.4250,[4.9149 -5.0724 ],[0.1182 0.1180 ],0.1670,[-30.0254 -29.9746 ],42.4264,0.0039,127,0.0001
421,-85.4250,[5.0331 -4.9544 ],[-0.1180 -0.1182 ],0.1670,[29.9750 30.0250 ],42.4264,0.0039,127,0.0001
422,-85.4250,[4.9151 -5.0726 ],[0.1182 0.1180 ],0.1670,[-30.0246 -29.9754 ],42.4264,0.0039,127,0.0001
423,-85.4250,[5.0333 -4.9546 ],[-0.1180 -0.1182 ],0.1670,[29.9757 30.0243 ],42.4264,0.0039,127,0.0001
424,-85.4251,[4.9153 -5.0728 ],[0.1182 0.1180 ],0.1670,[-30.0239 -29.9761 ],42.4264,0.0039,127,0.0001
425,-85.4251,[5.0335 -4.9548 ],[-0.1180 -0.1182 ],0.1670,[29.9765 30.0235 ],42.4264,0.0039,127,0.0001
426,-85.4251,[4.9155 -5.0730 ],[0.1182 0.1180 ],0.1670,[-30.0231 -29.9769 ],42.4264,0.0039,127,0.0001
427,-85.4251,[5.0337 -4.9549 ],[-0.1180 -0.1182 ],0.1670,[29.9772 30.0228 ],42.4264,0.0039,127,0.0001
428,-85.4251,[4.9157 -5.0731 ],[0.1182 0.1180 ],0.1670,[-30.0224 -29.9776 ],42.4264,0.0039,127,0.0001
429,-85.4251,[5.0339 -4.9551 ],[-0.1180 -0.1182 ],0.1670,[29.9779 30.0221 ],42.4264,0.0039,127,0.0001
430,-85.4251,[4.9158 -5.0733 ],[0.1182 0.1180 ],0.1670,[-30.0217 -29.9783 ],42.4264,0.0039,127,0.0001
431,-85.4251,[5.0340 -4.9553 ],[-0.1180 -0.1182 ],0.1670,[29.9786 30.0214 ],42.4264,0.0039,127,0.0001
432,-85.4251,[4.9160 -5.0735 ],[0.1182 0.1180 ],0.1670,[-30.0210 -29.9790 ],42.4264,0.0039,127,0.0001
433,-85.4251,[5.0342 -4.9555 ],[-0.1180 -0.1182 ],0.1670,[29.9793 30.0207 ],42.4264,0.0039,127,0.0001
434,-85.4251,[4.9162 -5.0736 ],[0.1182 0.1180 ],0.1670,[-30.0204 -29.9796 ],42.4264,0.0039,127,0.0001
435,-85.4251,[5.0344 -4.9556 ],[-0.1180 -0.1182 ],0.1670,[29.9799 30.0201 ],42.4264,0.0039,127,0.0001
436,-85.4251,[4.9163 -5.0738 ],[0.1182 0.1180 ],0.1670,[-30.0197 -29.9803 ],42.4264,0.0039,127,0.0001
437,-85.4251,[5.0345 -4.9558 ],[-0.1180 -0.1182 ],0.1670,[29.9806 30.0194 ],42.4264,0.0039,127,0.0001
438,-85.4251,[4.9165 -5.0740 ],[0.1182 0.1180 ],0.1670,[-30.0191 -29.9809 ],42.4264,0.0039,127,0.0001
439,-85.4251,[5.0347 -4.9559 ],[-0.1180 -0.1182 ],0.1670,[29.9812 30.0188 ],42.4264,0.0039,127,0.0001
440,-85.4251,[4.9166 -5.0741 ],[0.1182 0.1180 ],0.1670,[-30.0185 -29.9815 ],42.4264,0.0039,127,0.0001
441,-85.4251,[5.0348 -4.9561 ],[-0.1180 -0.1182 ],0.1670,[29.9818 30.0182 ],42.4264,0.0039,127,0.0001
442,-85.4251,[4.9168 -5.0743 ],[0.1182 0.1180 ],0.1670,[-30.0179 -29.9821 ],42.4264,0.0039,127,0.0001
443,-85.4251,[5.0350 -4.9562 ],[-0.1180 -0.1182 ],0.1670,[29.9823 30.0177 ],42.4264,0.0039,127,0.0001
444,-85.4251,[4.9169 -5.0744 ],[0.1182 0.1180 ],0.1670,[-30.0174 -29.9826 ],42.4264,0.0039,127,0.0001
445,-85.4251,[5.0351 -4.9564 ],[-0.1180 -0.1182 ],0.1670,[29.9829 30.0171 ],42.4264,0.0039,127,0.0001
446,-85.4251,[4.9171 -5.0745 ],[0.1182 0.1180 ],0.1670,[-30.0168 -29.9832 ],42.4264,0.0039,127,0.0001
447,-85.4251,[5.0352 -4.9565 ],[-0.1180 -0.1182 ],0.1670,[29.9834 30.0166 ],42.4264,0.0039,127,0.0001
448,-85.4251,[4.9172 -5.0747 ],[0.1182 0.1180 ],0.1670,[-30.0163 -29.9837 ],42.4264,0.0039,127,0.0001
449,-85.4251,[5.0354 -4.9566 ],[-0.1180 -0.1182 ],0.1670,[29.9839 30.0161 ],42.4264,0.0039,127,0.0001
450,-85.4251,[4.9173 -5.0748 ],[0.1182 0.1180 ],0.1670,[-30.0158 -29.9842 ],42.4264,0.0039,127,0.0001
451,-85.4251,[5.0355 -4.9567 ],[-0.1180 -0.1182 ],0.1670,[29.9844 30.0156 ],42.4264,0.0039,127,0.0001
452,-85.4251,[4.9174 -5.0749 ],[0.1182 0.1180 ],0.1670,[-30.0153 -29.9847 ],42.4264,0.0039,127,0.0001
453,-85.4251,[5.0356 -4.9569 ],[-0.1181 -0.1182 ],0.1670,[29.9849 30.0151 ],42.4264,0.0039,127,0.0001
454,-85.4251,[4.9176 -5.0750 ],[0.1182 0.1181 ],0.1670,[-30.0148 -29.9852 ],42.4264,0.0039,127,0.0001
455,-85.4251,[5.0357 -4.9570 ],[-0.1181 -0.1182 ],0.1670,[29.9854 30.0146 ],42.4264,0.0039,127,0.0001
456,-85.4251,[4.9177 -5.0751 ],[0.1182 0.1181 ],0.1670,[-30.0144 -29.9856 ],42.4264,0.0039,127,0.0001
457,-85.4251,[5.0358 -4.9571 ],[-0.1181 -0.1182 ],0.1670,[29.9859 30.0141 ],42.4264,0.0039,127,0.0001
458,-85.4251,[4.9178 -5.0753 ],[0.1182 0.1181 ],0.1670,[-30.0139 -29.9861 ],42.4264,0.0039,127,0.0001
459,-85.4251,[5.0359 -4.9572 ],[-0.1181 -0.1182 ],0.1670,[29.9863 30.0137 ],42.4264,0.0039,127,0.0001
460,-85.4252,[4.9179 -5.0754 ],[0.1182 0.1181 ],0.1670,[-30.0135 -29.9865 ],42.4264,0.0039,127,0.0001
461,-85.4252,[5.0361 -4.9573 ],[-0.1181 -0.1182 ],0.1670,[29.9867 30.0133 ],42.4264,0.0039,127,0.0001
462,-85.4252,[4.9180 -5.0755 ],[0.1182 0.1181 ],0.1670,[-30.0131 -29.9869 ],42.4264,0.0039,127,0.0001
463,-85.4252,[5.0362 -4.9574 ],[-0.1181 -0.1182 ],0.1670,[29.9871 30.0129 ],42.4264,0.0039,127,0.0001
464,-85.4252,[4.9181 -5.0756 ],[0.1182 0.1181 ],0.1670,[-30.0127 -29.9873 ],42.4264,0.0039,127,0.0001
465,-85.4252,[5.0363 -4.9575 ],[-0.1181 -0.1182 ],0.1670,[29.9875 30.0125 ],42.4264,0.0039,127,0.0001
466,-85.4252,[4.9182 -5.0757 ],[0.1182 0.1181 ],0.1670,[-30.0123 -29.9877 ],42.4264,0.0039,127,0.0001
467,-85.4252,[5.0364 -4.9576 ],[-0.1181 -0.1182 ],0.1670,[29.9879 30.0121 ],42.4264,0.0039,127,0.0001
468,-85.4252,[4.9183 -5.0758 ],[0.1182 0.1181 ],0.1670,[-30.0119 -29.9881 ],42.4264,0.0039,127,0.0001
469,-85.4252,[5.0364 -4.9577 ],[-0.1181 -0.1182 ],0.1670,[29.9883 30.0117 ],42.4264,0.0039,127,0.0001
470,-85.4252,[4.9184 -5.0759 ],[0.1182 0.1181 ],0.1670,[-30.0115 -29.9885 ],42.4264,0.0039,127,0.0001
471,-85.4252,[5.0365 -4.9578 ],[-0.1181 -0.1182 ],0.1670,[29.9887 30.0113 ],42.4264,0.0039,127,0.0001
472,-85.4252,[4.9185 -5.0760 ],[0.1182 0.1181 ],0.1670,[-30.0111 -29.9889 ],42.4264,0.0039,127,0.0001
473,-85.4252,[5.0366 -4.9579 ],[-0.1181 -0.1182 ],0.1670,[29.9890 30.0110 ],42.4264,0.0039,127,0.0001
474,-85.4252,[4.9186 -5.0760 ],[0.1182 0.1181 ],0.1670,[-30.0108 -29.9892 ],42.4264,0.0039,127,0.0001
475,-85.4252,[5.0367 -4.9580 ],[-0.1181 -0.1182 ],0.1670,[29.9894 30.0106 ],42.4264,0.0039,127,0.0001
476,-85.4252,[4.9186 -5.0761 ],[0.1182 0.1181 ],0.1670,[-30.0105 -29.9895 ],42.4264,0.0039,127,0.0001
477,-85.4252,[5.0368 -4.9581 ],[-0.1181 -0.1182 ],0.1670,[29.9897 30.0103 ],42.4264,0.0039,127,0.0001
478,-85.4252,[4.9187 -5.0762 ],[0.1182 0.1181 ],0.1670,[-30.0101 -29.9899 ],42.4264,0.0039,127,0.0001
479,-85.4252,[5.0369 -4.9581 ],[-0.1181 -0.1181 ],0.1670,[29.9900 30.0100 ],42.4264,0.0039,127,0.0001
480,-85.4252,[4.9188 -5.0763 ],[0.1181 0.1181 ],0.1670,[-30.0098 -29.9902 ],42.4264,0.0039,127,0.0001
481,-85.4252,[5.0370 -4.9582 ],[-0.1181 -0.1181 ],0.1670,[29.9903 30.0097 ],42.4264,0.0039,127,0.0001
482,-85.4252,[4.9189 -5.0764 ],[0.1181 0.1181 ],0.1670,[-30.0095 -29.9905 ],42.4264,0.0039,127,0.0001
483,-85.4252,[5.0370 -4.9583 ],[-0.1181 -0.1181 ],0.1670,[29.9906 30.0094 ],42.4264,0.0039,127,0.0001
484,-85.4252,[4.9190 -5.0764 ],[0.1181 0.1181 ],0.1670,[-30.0092 -29.9908 ],42.4264,0.0039,127,0.0001
485,-85.4252,[5.0371 -4.9584 ],[-0.1181 -0.1181 ],0.1670,[29.9909 30.0091 ],42.4264,0.0039,127,0.0001
486,-85.4252,[4.9190 -5.0765 ],[0.1181 0.1181 ],0.1670,[-30.0089 -29.9911 ],42.4264,0.0039,127,0.0001
487,-85.4252,[5.0372 -4.9584 ],[-0.1181 -0.1181 ],0.1670,[29.9912 30.0088 ],42.4264,0.0039,127,0.0001
488,-85.4252,[4.9191 -5.0766 ],[0.1181 0.1181 ],0.1670,[-30.0086 -29.9914 ],42.4264,0.0039,127,0.0001
489,-85.4252,[5.0372 -4.9585 ],[-0.1181 -0.1181 ],0.1670,[29.9915 30.0085 ],42.4264,0.0039,127,0.0001
490,-85.4252,[4.9192 -5.0766 ],[0.1181 0.1181 ],0.1670,[-30.0084 -29.9916 ],42.4264,0.0039,127,0.0001
491,-85.4252,[5.0373 -4.9586 ],[-0.1181 -0.1181 ],0.1670,[29.9918 30.0082 ],42.4264,0.0039,127,0.0001
492,-85.4252,[4.9192 -5.0767 ],[0.1181 0.1181 ],0.1670,[-30.0081 -29.9919 ],42.4264,0.0039,127,0.0001
493,-85.4252,[5.0374 -4.9586 ],[-0.1181 -0.1181 ],0.1670,[29.9920 30.0080 ],42.4264,0.0039,127,0.0001
494,-85.4252,[4.9193 -5.0768 ],[0.1181 0.1181 ],0.1670,[-30.0079 -29.9921 ],42.4264,0.0039,127,0.0001
495,-85.4252,[5.0374 -4.9587 ],[-0.1181 -0.1181 ],0.1670,[29.9923 30.0077 ],42.4264,0.0039,127,0.0001
496,-85.4252,[4.9194 -5.0768 ],[0.1181 0.1181 ],0.1670,[-30.0076 -29.9924 ],42.4264,0.0039,127,0.0001
497,-85.4252,[5.0375 -4.9588 ],[-0.1181 -0.1181 ],0.1670,[29.9925 30.0075 ],42.4264,0.0039,127,0.0001
498,-85.4252,[4.9194 -5.0769 ],[0.1181 0.1181 ],0.1670,[-30.0074 -29.9926 ],42.4264,0.0039,127,0.0001
499,-85.4252,[5.0376 -4.9588 ],[-0.1181 -0.1181 ],0.1670,[29.9927 30.0073 ],42.4264,0.0039,127,0.0001
500,-85.4252,[4.9195 -5.0770 ],[0.1181 0.1181 ],0.1670,[-30.0071 -29.9929 ],42.4264,0.0039,127,0.0001
501,-85.4252,[5.0376 -4.9589 ],[-0.1181 -0.1181 ],0.1670,[29.9930 30.0070 ],42.4264,0.0039,127,0.0001
502,-85.4252,[4.9195 -5.0770 ],[0.1181 0.1181 ],0.1670,[-30.0069 -29.9931 ],42.4264,0.0039,127,0.0001
503,-85.4252,[5.0377 -4.9589 ],[-0.1181 -0.1181 ],0.1670,[29.9932 30.0068 ],42.4264,0.0039,127,0.0001
504,-85.4252,[4.9196 -5.0771 ],[0.1181 0.1181 ],0.1670,[-30.0067 -29.9933 ],42.4264,0.0039,127,0.0001
505,-85.4252,[5.0377 -4.9590 ],[-0.1181 -0.1181 ],0.1670,[29.9934 30.0066 ],42.4264,0.0039,127,0.0001
506,-85.4252,[4.9196 -5.0771 ],[0.1181 0.1181 ],0.1670,[-30.0065 -29.9935 ],42.4264,0.0039,127,0.0001
507,-85.4252,[5.0378 -4.9590 ],[-0.1181 -0.1181 ],0.1670,[29.9936 30.0064 ],42.4264,0.0039,127,0.0001
508,-85.4252,[4.9197 -5.0772 ],[0.1181 0.1181 ],0.1670,[-30.0063 -29.9937 ],42.4264,0.0039,127,0.0001
509,-85.4252,[5.0378 -4.9591 ],[-0.1181 -0.1181 ],0.1670,[29.9938 30.0062 ],42.4264,0.0039,127,0.0001
510,-85.4252,[4.9197 -5.0772 ],[0.1181 0.1181 ],0.1670,[-30.0061 -29.9939 ],42.4264,0.0039,127,0.0001
511,-85.4252,[5.0379 -4.9591 ],[-0.1181 -0.1181 ],0.1670,[29.9940 30.0060 ],42.4264,0.0039,127,0.0001
512,-85.4252,[4.9198 -5.0773 ],[0.1181 0.1181 ],0.1670,[-30.0059 -29.9941 ],42.4264,0.0039,127,0.0001
513,-85.4252,[5.0379 -4.9592 ],[-0.1181 -0.1181 ],0.1670,[29.9942 30.0058 ],42.4264,0.0039,127,0.0001
514,-85.4252,[4.9198 -5.0773 ],[0.1181 0.1181 ],0.1670,[-30.0057 -29.9943 ],42.4264,0.0039,127,0.0001
515,-85.4252,[5.0380 -4.9592 ],[-0.1181 -0.1181 ],0.1670,[29.9944 30.0056 ],42.4264,0.0039,127,0.0001
516,-85.4252,[4.9199 -5.0774 ],[0.1181 0.1181 ],0.1670,[-30.0055 -29.9945 ],42.4264,0.0039,127,0.0001
517,-85.4252,[5.0380 -4.9593 ],[-0.1181 -0.1181 ],0.1670,[29.9945 30.0055 ],42.4264,0.0039,127,0.0001
518,-85.4252,[4.9199 -5.0774 ],[0.1181 0.1181 ],0.1670,[-30.0054 -29.9946 ],42.4264,0.0039,127,0.0001
519,-85.4252,[5.0380 -4.9593 ],[-0.1181 -0.1181 ],0.1670,[29.9947 30.0053 ],42.4264,0.0039,127,0.0001
520,-85.4252,[4.9200 -5.0774 ],[0.1181 0.1181 ],0.1670,[-30.0052 -29.9948 ],42.4264,0.0039,127,0.0001
521,-85.4252,[5.0381 -4.9593 ],[-0.1181 -0.1181 ],0.1670,[29.9949 30.0051 ],42.4264,0.0039,127,0.0001
522,-85.4252,[4.9200 -5.0775 ],[0.1181 0.1181 ],0.1670,[-30.0050 -29.9950 ],42.4264,0.0039,127,0.0001
523,-85.4252,[5.0381 -4.9594 ],[-0.1181 -0.1181 ],0.1670,[29.9950 30.0050 ],42.4264,0.0039,127,0.0001
524,-85.4252,[4.9200 -5.0775 ],[0.1181 0.1181 ],0.1670,[-30.0049 -29.9951 ],42.4264,0.0039,127,0.0001
525,-85.4252,[5.0382 -4.9594 ],[-0.1181 -0.1181 ],0.1670,[29.9952 30.0048 ],42.4264,0.0039,127,0.0001
526,-85.4252,[4.9201 -5.0776 ],[0.1181 0.1181 ],0.1670,[-30.0047 -29.9953 ],42.4264,0.0039,127,0.0001
527,-85.4252,[5.0382 -4.9595 ],[-0.1181 -0.1181 ],0.1670,[29.9953 30.0047 ],42.4264,0.0039,127,0.0001
528,-85.4252,[4.9201 -5.0776 ],[0.1181 0.1181 ],0.1670,[-30.0046 -29.9954 ],42.4264,0.0039,127,0.0001
529,-85.4252,[5.0382 -4.9595 ],[-0.1181 -0.1181 ],0.1670,[29.9955 30.0045 ],42.4264,0.0039,127,0.0001
530,-85.4252,[4.9202 -5.0776 ],[0.1181 0.1181 ],0.1670,[-30.0044 -29.9956 ],42.4264,0.0039,127,0.0001
531,-85.4252,[5.0383 -4.9595 ],[-0.1181 -0.1181 ],0.1670,[29.9956 30.0044 ],42.4264,0.0039,127,0.0001
532,-85.4252,[4.9202 -5.0777 ],[0.1181 0.1181 ],0.1670,[-30.0043 -29.9957 ],42.4264,0.0039,127,0.0001
533,-85.4252,[5.0383 -4.9596 ],[-0.1181 -0.1181 ],0.1670,[29.9958 30.0042 ],42.4264,0.0039,127,0.0001
534,-85.4252,[4.9202 -5.0777 ],[0.1181 0.1181 ],0.1670,[-30.0042 -29.9958 ],42.4264,0.0039,127,0.0001
535,-85.4252,[5.0383 -4.9596 ],[-0.1181 -0.1181 ],0.1670,[29.9959 30.0041 ],42.4264,0.0039,127,0.0001
536,-85.4252,[4.9203 -5.0777 ],[0.1181 0.1181 ],0.1670,[-30.0040 -29.9960 ],42.4264,0.0039,127,0.0001
537,-85.4252,[5.0384 -4.9596 ],[-0.1181 -0.1181 ],0.1670,[29.9960 30.0040 ],42.4264,0.0039,127,0.0001
538,-85.4252,[4.9203 -5.0778 ],[0.1181 0.1181 ],0.1670,[-30.0039 -29.9961 ],42.4264,0.0039,127,0.0001
539,-85.4252,[5.0384 -4.9597 ],[-0.1181 -0.1181 ],0.1670,[29.9962 30.0038 ],42.4264,0.0039,127,0.0001
540,-85.4252,[4.9203 -5.0778 ],[0.1181 0.1181 ],0.1670,[-30.0038 -29.9962 ],42.4264,0.0039,127,0.0001
541,-85.4252,[5.0384 -4.9597 ],[-0.1181 -0.1181 ],0.1670,[29.9963 30.0037 ],42.4264,0.0039,127,0.0001
542,-85.4252,[4.9203 -5.0778 ],[0.1181 0.1181 ],0.1670,[-30.0037 -29.9963 ],42.4264,0.0039,127,0.0001
543,-85.4252,[5.0385 -4.9597 ],[-0.1181 -0.1181 ],0.1670,[29.9964 30.0036 ],42.4264,0.0039,127,0.0001
544,-85.4252,[4.9204 -5.0779 ],[0.1181 0.1181 ],0.1670,[-30.0036 -29.9964 ],42.4264,0.0039,127,0.0001
545,-85.4252,[5.0385 -4.9598 ],[-0.1181 -0.1181 ],0.1670,[29.9965 30.0035 ],42.4264,0.0039,127,0.0001
546,-85.4252,[4.9204 -5.0779 ],[0.1181 0.1181 ],0.1670,[-30.0034 -29.9966 ],42.4264,0.0039,127,0.0001
547,-85.4252,[5.0385 -4.9598 ],[-0.1181 -0.1181 ],0.1670,[29.9966 30.0034 ],42.4264,0.0039,127,0.0001
548,-85.4252,[4.9204 -5.0779 ],[0.1181 0.1181 ],0.1670,[-30.0033 -29.9967 ],42.4264,0.0039,127,0.0001
549,-85.4252,[5.0385 -4.9598 ],[-0.1181 -0.1181 ],0.1670,[29.9967 30.0033 ],42.4264,0.0039,127,0.0001
550,-85.4252,[4.9205 -5.0779 ],[0.1181 0.1181 ],0.1670,[-30.0032 -29.9968 ],42.4264,0.0039,127,0.0001
551,-85.4252,[5.0386 -4.9598 ],[-0.1181 -0.1181 ],0.1670,[29.9968 30.0032 ],42.4264,0.0039,127,0.0001
552,-85.4252,[4.9205 -5.0780 ],[0.1181 0.1181 ],0.1670,[-30.0031 -29.9969 ],42.4264,0.0039,127,0.0001
553,-85.4252,[5.0386 -4.9599 ],[-0.1181 -0.1181 ],0.1670,[29.9969 30.0031 ],42.4264,0.0039,127,0.0001
554,-85.4252,[4.9205 -5.0780 ],[0.1181 0.1181 ],0.1670,[-30.0030 -29.9970 ],42.4264,0.0039,127,0.0001
555,-85.4252,[5.0386 -4.9599 ],[-0.1181 -0.1181 ],0.1670,[29.9970 30.0030 ],42.4264,0.0039,127,0.0001
556,-85.4252,[4.9205 -5.0780 ],[0.1181 0.1181 ],0.1670,[-30.0029 -29.9971 ],42.4264,0.0039,127,0.0001
557,-85.4252,[5.0386 -4.9599 ],[-0.1181 -0.1181 ],0.1670,[29.9971 30.0029 ],42.4264,0.0039,127,0.0001
558,-85.4252,[4.9205 -5.0780 ],[0.1181 0.1181 ],0.1670,[-30.0028 -29.9972 ],42.4264,0.0039,127,0.0001
559,-85.4252,[5.0387 -4.9599 ],[-0.1181 -0.1181 ],0.1670,[29.9972 30.0028 ],42.4264,0.0039,127,0.0001
560,-85.4252,[4.9206 -5.0781 ],[0.1181 0.1181 ],0.1670,[-30.0028 -29.9972 ],42.4264,0.0039,127,0.0001
561,-85.4252,[5.0387 -4.9600 ],[-0.1181 -0.1181 ],0.1670,[29.9973 30.0027 ],42.4264,0.0039,127,0.0001
562,-85.4252,[4.9206 -5.0781 ],[0.1181 0.1181 ],0.1670,[-30.0027 -29.9973 ],42.4264,0.0039,127,0.0001
563,-85.4252,[5.0387 -4.9600 ],[-0.1181 -0.1181 ],0.1670,[29.9974 30.0026 ],42.4264,0.0039,127,0.0001
564,-85.4252,[4.9206 -5.0781 ],[0.1181 0.1181 ],0.1670,[-30.0026 -29.9974 ],42.4264,0.0039,127,0.0001
565,-85.4252,[5.0387 -4.9600 ],[-0.1181 -0.1181 ],0.1670,[29.9975 30.0025 ],42.4264,0.0039,127,0.0001
566,-85.4252,[4.9206 -5.0781 ],[0.1181 0.1181 ],0.1670,[-30.0025 -29.9975 ],42.4264,0.0039,127,0.0001
567,-85.4252,[5.0388 -4.9600 ],[-0.1181 -0.1181 ],0.1670,[29.9975 30.0025 ],42.4264,0.0039,127,0.0001
568,-85.4252,[4.9207 -5.0781 ],[0.1181 0.1181 ],0.1670,[-30.0024 -29.9976 ],42.4264,0.0039,127,0.0001
569,-85.4252,[5.0388 -4.9600 ],[-0.1181 -0.1181 ],0.1670,[29.9976 30.0024 ],42.4264,0.0039,127,0.0001
570,-85.4252,[4.9207 -5.0782 ],[0.1181 0.1181 ],0.1670,[-30.0024 -29.9976 ],42.4264,0.0039,127,0.0001
571,-85.4252,[5.0388 -4.9601 ],[-0.1181 -0.1181 ],0.1670,[29.9977 30.0023 ],42.4264,0.0039,127,0.0001
572,-85.4252,[4.9207 -5.0782 ],[0.1181 0.1181 ],0.1670,[-30.0023 -29.9977 ],42.4264,0.0039,127,0.0001
573,-85.4252,[5.0388 -4.9601 ],[-0.1181 -0.1181 ],0.1670,[29.9978 30.0022 ],42.4264,0.0039,127,0.0001
574,-85.4252,[4.9207 -5.0782 ],[0.1181 0.1181 ],0.1670,[-30.0022 -29.9978 ],42.4264,0.0039,127,0.0001
575,-85.4252,[5.0388 -4.9601 ],[-0.1181 -0.1181 ],0.1670,[29.9978 30.0022 ],42.4264,0.0039,127,0.0001
576,-85.4252,[4.9207 -5.0782 ],[0.1181 0.1181 ],0.1670,[-30.0021 -29.9979 ],42.4264,0.0039,127,0.0001
577,-85.4252,[5.0388 -4.9601 ],[-0.1181 -0.1181 ],0.1670,[29.9979 30.0021 ],42.4264,0.0039,127,0.0001
578,-85.4252,[4.9207 -5.0782 ],[0.1181 0.1181 ],0.1670,[-30.0021 -29.9979 ],42.4264,0.0039,127,0.0001
579,-85.4252,[5.0389 -4.9601 ],[-0.1181 -0.1181 ],0.1670,[29.9980 30.0020 ],42.4264,0.0039,127,0.0001
580,-85.4252,[4.9208 -5.0782 ],[0.1181 0.1181 ],0.1670,[-30.0020 -29.9980 ],42.4264,0.0039,127,0.0001
581,-85.4252,[5.0389 -4.9601 ],[-0.1181 -0.1181 ],0.1670,[29.9980 30.0020 ],42.4264,0.0039,127,0.0001
582,-85.4252,[4.9208 -5.0783 ],[0.1181 0.1181 ],0.1670,[-30.0019 -29.9981 ],42.4264,0.0039,127,0.0001
583,-85.4252,[5.0389 -4.9602 ],[-0.1181 -0.1181 ],0.1670,[29.9981 30.0019 ],42.4264,0.0039,127,0.0001
584,-85.4252,[4.9208 -5.0783 ],[0.1181 0.1181 ],0.1670,[-30.0019 -29.9981 ],42.4264,0.0039,127,0.0001
585,-85.4252,[5.0389 -4.9602 ],[-0.1181 -0.1181 ],0.1670,[29.9981 30.0019 ],42.4264,0.0039,127,0.0001
586,-85.4252,[4.9208 -5.0783 ],[0.1181 0.1181 ],0.1670,[-30.0018 -29.9982 ],42.4264,0.0039,127,0.0001
587,-85.4252,[5.0389 -4.9602 ],[-0.1181 -0.1181 ],0.1670,[29.9982 30.0018 ],42.4264,0.0039,127,0.0001
588,-85.4252,[4.9208 -5.0783 ],[0.1181 0.1181 ],0.1670,[-30.0018 -29.9982 ],42.4264,0.0039,127,0.0001
589,-85.4252,[5.0389 -4.9602 ],[-0.1181 -0.1181 ],0.1670,[29.9983 30.0017 ],42.4264,0.0039,127,0.0001
590,-85.4252,[4.9208 -5.0783 ],[0.1181 0.1181 ],0.1670,[-30.0017 -29.9983 ],42.4264,0.0039,127,0.0001
591,-85.4252,[5.0389 -4.9602 ],[-0.1181 -0.1181 ],0.1670,[29.9983 30.0017 ],42.4264,0.0039,127,0.0001
592,-85.4252,[4.9208 -5.0783 ],[0.1181 0.1181 ],0.1670,[-30.0017 -29.9983 ],42.4264,0.0039,127,0.0001
593,-85.4252,[5.0390 -4.9602 ],[-0.1181 -0.1181 ],0.1670,[29.9984 30.0016 ],42.4264,0.0039,127,0.0001
594,-85.4252,[4.9209 -5.0783 ],[0.1181 0.1181 ],0.1670,[-30.0016 -29.9984 ],42.4264,0.0039,127,0.0001
595,-85.4252,[5.0390 -4.9602 ],[-0.1181 -0.1181 ],0.1670,[29.9984 30.0016 ],42.4264,0.0039,127,0.0001
596,-85.4252,[4.9209 -5.0784 ],[0.1181 0.1181 ],0.1670,[-30.0016 -29.9984 ],42.4264,0.0039,127,0.0001
597,-85.4252,[5.0390 -4.9602 ],[-0.1181 -0.1181 ],0.1670,[29.9985 30.0015 ],42.4264,0.0039,127,0.0001
598,-85.4252,[4.9209 -5.0784 ],[0.1181 0.1181 ],0.1670,[-30.0015 -29.9985 ],42.4264,0.0039,127,0.0001
599,-85.4252,[5.0390 -4.9603 ],[-0.1181 -0.1181 ],0.1670,[29.9985 30.0015 ],42.4264,0.0039,127,0.0001
600,-85.4252,[4.9209 -5.0784 ],[0.1181 0.1181 ],0.1670,[-30.0015 -29.9985 ],42.4264,0.0039,127,0.0001
601,-85.4252,[5.0390 -4.9603 ],[-0.1181 -0.1181 ],0.1670,[29.9986 30.0014 ],42.4264,0.0039,127,0.0001
602,-85.4252,[4.9209 -5.0784 ],[0.1181 0.1181 ],0.1670,[-30.0014 -29.9986 ],42.4264,0.0039,127,0.0001
603,-85.4252,[5.0390 -4.9603 ],[-0.1181 -0.1181 ],0.1670,[29.9986 30.0014 ],42.4264,0.0039,127,0.0001
604,-85.4252,[4.9209 -5.0784 ],[0.1181 0.1181 ],0.1670,[-30.0014 -29.9986 ],42.4264,0.0039,127,0.0001
605,-85.4252,[5.0390 -4.9603 ],[-0.1181 -0.1181 ],0.1670,[29.9987 30.0013 ],42.4264,0.0039,127,0.0001
606,-85.4252,[4.9209 -5.0784 ],[0.1181 0.1181 ],0.1670,[-30.0013 -29.9987 ],42.4264,0.0039,127,0.0001
607,-85.4252,[5.0390 -4.9603 ],[-0.1181 -0.1181 ],0.1670,[29.9987 30.0013 ],42.4264,0.0039,127,0.0001
608,-85.4252,[4.9209 -5.0784 ],[0.1181 0.1181 ],0.1670,[-30.0013 -29.9987 ],42.4264,0.0039,127,0.0001
609,-85.4252,[5.0391 -4.9603 ],[-0.1181 -0.1181 ],0.1670,[29.9987 30.0013 ],42.4264,0.0039,127,0.0001
610,-85.4252,[4.9209 -5.0784 ],[0.1181 0.1181 ],0.1670,[-30.0012 -29.9988 ],42.4264,0.0039,127,0.0001
611,-85.4252,[5.0391 -4.9603 ],[-0.1181 -0.1181 ],0.1670,[29.9988 30.0012 ],42.4264,0.0039,127,0.0001
612,-85.4252,[4.9210 -5.0784 ],[0.1181 0.1181 ],0.1670,[-30.0012 -29.9988 ],42.4264,0.0039,127,0.0001
613,-85.4252,[5.0391 -4.9603 ],[-0.1181 -0.1181 ],0.1670,[29.9988 30.0012 ],42.4264,0.0039,127,0.0001
614,-85.4252,[4.9210 -5.0784 ],[0.1181 0.1181 ],0.1670,[-30.0012 -29.9988 ],42.4264,0.0039,127,0.0001
615,-85.4252,[5.0391 -4.9603 ],[-0.1181 -0.1181 ],0.1670,[29.9988 30.0012 ],42.4264,0.0039,127,0.0001
616,-85.4252,[4.9210 -5.0785 ],[0.1181 0.1181 ],0.1670,[-30.0011 -29.9989 ],42.4264,0.0039,127,0.0001
617,-85.4252,[5.0391 -4.9604 ],[-0.1181 -0.1181 ],0.1670,[29.9989 30.0011 ],42.4264,0.0039,127,0.0001
618,-85.4252,[4.9210 -5.0785 ],[0.1181 0.1181 ],0.1670,[-30.0011 -29.9989 ],42.4264,0.0039,127,0.0001
619,-85.4252,[5.0391 -4.9604 ],[-0.1181 -0.1181 ],0.1670,[29.9989 30.0011 ],42.4264,0.0039,127,0.0001
620,-85.4252,[4.9210 -5.0785 ],[0.1181 0.1181 ],0.1670,[-30.0011 -29.9989 ],42.4264,0.0039,127,0.0001
621,-85.4252,[5.0391 -4.9604 ],[-0.1181 -0.1181 ],0.1670,[29.9990 30.0010 ],42.4264,0.0039,127,0.0001
622,-85.4252,[4.9210 -5.0785 ],[0.1181 0.1181 ],0.1670,[-30.0010 -29.9990 ],42.4264,0.0039,127,0.0001
623,-85.4252,[5.0391 -4.9604 ],[-0.1181 -0.1181 ],0.1670,[29.9990 30.0010 ],42.4264,0.0039,127,0.0001
624,-85.4252,[4.9210 -5.0785 ],[0.1181 0.1181 ],0.1670,[-30.0010 -29.9990 ],42.4264,0.0039,127,0.0001
625,-85.4252,[5.0391 -4.9604 ],[-0.1181 -0.1181 ],0.1670,[29.9990 30.0010 ],42.4264,0.0039,127,0.0001
626,-85.4252,[4.9210 -5.0785 ],[0.1181 0.1181 ],0.1670,[-30.0010 -29.9990 ],42.4264,0.0039,127,0.0001
627,-85.4252,[5.0391 -4.9604 ],[-0.1181 -0.1181 ],0.1670,[29.9990 30.0010 ],42.4264,0.0039,127,0.0001
628,-85.4252,[4.9210 -5.0785 ],[0.1181 0.1181 ],0.1670,[-30.0009 -29.9991 ],42.4264,0.0039,127,0.0001
629,-85.4252,[5.0391 -4.9604 ],[-0.1181 -0.1181 ],0.1670,[29.9991 30.0009 ],42.4264,0.0039,127,0.0001
630,-85.4252,[4.9210 -5.0785 ],[0.1181 0.1181 ],0.1670,[-30.0009 -29.9991 ],42.4264,0.0039,127,0.0001
631,-85.4252,[5.0391 -4.9604 ],[-0.1181 -0.1181 ],0.1670,[29.9991 30.0009 ],42.4264,0.0039,127,0.0001
632,-85.4252,[4.9210 -5.0785 ],[0.1181 0.1181 ],0.1670,[-30.0009 -29.9991 ],42.4264,0.0039,127,0.0001
633,-85.4252,[5.0392 -4.9604 ],[-0.1181 -0.1181 ],0.1670,[29.9991 30.0009 ],42.4264,0.0039,127,0.0001
634,-85.4252,[4.9210 -5.0785 ],[0.1181 0.1181 ],0.1670,[-30.0009 -29.9991 ],42.4264,0.0039,127,0.0001
635,-85.4252,[5.0392 -4.9604 ],[-0.1181 -0.1181 ],0.1670,[29.9992 30.0008 ],42.4264,0.0039,127,0.0001
636,-85.4252,[4.9211 -5.0785 ],[0.1181 0.1181 ],0.1670,[-30.0008 -29.9992 ],42.4264,0.0039,127,0.0001
637,-85.4252,[5.0392 -4.9604 ],[-0.1181 -0.1181 ],0.1670,[29.9992 30.0008 ],42.4264,0.0039,127,0.0001
638,-85.4252,[4.9211 -5.0785 ],[0.1181 0.1181 ],0.1670,[-30.0008 -29.9992 ],42.4264,0.0039,127,0.0001
639,-85.4252,[5.0392 -4.9604 ],[-0.1181 -0.1181 ],0.1670,[29.9992 30.0008 ],42.4264,0.0039,127,0.0001
640,-85.4252,[4.9211 -5.0785 ],[0.1181 0.1181 ],0.1670,[-30.0008 -29.9992 ],42.4264,0.0039,127,0.0001
641,-85.4252,[5.0392 -4.9604 ],[-0.1181 -0.1181 ],0.1670,[29.9992 30.0008 ],42.4264,0.0039,127,0.0001
642,-85.4252,[4.9211 -5.0786 ],[0.1181 0.1181 ],0.1670,[-30.0008 -29.9992 ],42.4264,0.0039,127,0.0001
643,-85.4252,[5.0392 -4.9604 ],[-0.1181 -0.1181 ],0.1670,[29.9993 30.0007 ],42.4264,0.0039,127,0.0001
644,-85.4252,[4.9211 -5.0786 ],[0.1181 0.1181 ],0.1670,[-30.0007 -29.9993 ],42.4264,0.0039,127,0.0001
645,-85.4252,[5.0392 -4.9605 ],[-0.1181 -0.1181 ],0.1670,[29.9993 30.0007 ],42.4264,0.0039,127,0.0001
646,-85.4252,[4.9211 -5.0786 ],[0.1181 0.1181 ],0.1670,[-30.0007 -29.9993 ],42.4264,0.0039,127,0.0001
647,-85.4252,[5.0392 -4.9605 ],[-0.1181 -0.1181 ],0.1670,[29.9993 30.0007 ],42.4264,0.0039,127,0.0001
648,-85.4252,[4.9211 -5.0786 ],[0.1181 0.1181 ],0.1670,[-30.0007 -29.9993 ],42.4264,0.0039,127,0.0001
649,-85.4252,[5.0392 -4.9605 ],[-0.1181 -0.1181 ],0.1670,[29.9993 30.0007 ],42.4264,0.0039,127,0.0001
650,-85.4252,[4.9211 -5.0786 ],[0.1181 0.1181 ],0.1670,[-30.0007 -29.9993 ],42.4264,0.0039,127,0.0001
651,-85.4252,[5.0392 -4.9605 ],[-0.1181 -0.1181 ],0.1670,[29.9993 30.0007 ],42.4264,0.0039,127,0.0001
652,-85.4252,[4.9211 -5.0786 ],[0.1181 0.1181 ],0.1670,[-30.0006 -29.9994 ],42.4264,0.0039,127,0.0001
653,-85.4252,[5.0392 -4.9605 ],[-0.1181 -0.1181 ],0.1670,[29.9994 30.0006 ],42.4264,0.0039,127,0.0001
654,-85.4252,[4.9211 -5.0786 ],[0.1181 0.1181 ],0.1670,[-30.0006 -29.9994 ],42.4264,0.0039,127,0.0001
655,-85.4252,[5.0392 -4.9605 ],[-0.1181 -0.1181 ],0.1670,[29.9994 30.0006 ],42.4264,0.0039,127,0.0001
656,-85.4252,[4.9211 -5.0786 ],[0.1181 0.1181 ],0.1670,[-30.0006 -29.9994 ],42.4264,0.0039,127,0.0001
657,-85.4252,[5.0392 -4.9605 ],[-0.1181 -0.1181 ],0.1670,[29.9994 30.0006 ],42.4264,0.0039,127,0.0001
658,-85.4252,[4.9211 -5.0786 ],[0.1181 0.1181 ],0.1670,[-30.0006 -29.9994 ],42.4264,0.0039,127,0.0001
659,-85.4252,[5.0392 -4.9605 ],[-0.1181 -0.1181 ],0.1670,[29.9994 30.0006 ],42.4264,0.0039,127,0.0001
660,-85.4252,[4.9211 -5.0786 ],[0.1181 0.1181 ],0.1670,[-30.0006 -29.9994 ],42.4264,0.0039,127,0.0001
661,-85.4252,[5.0392 -4.9605 ],[-0.1181 -0.1181 ],0.1670,[29.9994 30.0006 ],42.4264,0.0039,127,0.0001
662,-85.4252,[4.9211 -5.0786 ],[0.1181 0.1181 ],0.1670,[-30.0005 -29.9995 ],42.4264,0.0039,127,0.0001
663,-85.4252,[5.0392 -4.9605 ],[-0.1181 -0.1181 ],0.1670,[29.9995 30.0005 ],42.4264,0.0039,127,0.0001
664,-85.4252,[4.9211 -5.0786 ],[0.1181 0.1181 ],0.1670,[-30.0005 -29.9995 ],42.4264,0.0039,127,0.0001
665,-85.4252,[5.0392 -4.9605 ],[-0.1181 -0.1181 ],0.1670,[29.9995 30.0005 ],42.4264,0.0039,127,0.0001
666,-85.4252,[4.9211 -5.0786 ],[0.1181 0.1181 ],0.1670,[-30.0005 -29.9995 ],42.4264,0.0039,127,0.0001
667,-85.4252,[5.0392 -4.9605 ],[-0.1181 -0.1181 ],0.1670,[29.9995 30.0005 ],42.4264,0.0039,127,0.0001
668,-85.4252,[4.9211 -5.0786 ],[0.1181 0.1181 ],0.1670,[-30.0005 -29.9995 ],42.4264,0.0039,127,0.0001
669,-85.4252,[5.0392 -4.9605 ],[-0.1181 -0.1181 ],0.1670,[29.9995 30.0005 ],42.4264,0.0039,127,0.0001
670,-85.4252,[4.9211 -5.0786 ],[0.1181 0.1181 ],0.1670,[-30.0005 -29.9995 ],42.4264,0.0039,127,0.0001
671,-85.4252,[5.0393 -4.9605 ],[-0.1181 -0.1181 ],0.1670,[29.9995 30.0005 ],42.4264,0.0039,127,0.0001
672,-85.4252,[4.9211 -5.0786 ],[0.1181 0.1181 ],0.1670,[-30.0005 -29.9995 ],42.4264,0.0039,127,0.0001
673,-85.4252,[5.0393 -4.9605 ],[-0.1181 -0.1181 ],0.1670,[29.9995 30.0005 ],42.4264,0.0039,127,0.0001
674,-85.4252,[4.9211 -5.0786 ],[0.1181 0.1181 ],0.1670,[-30.0005 -29.9995 ],42.4264,0.0039,127,0.0001
675,-85.4252,[5.0393 -4.9605 ],[-0.1181 -0.1181 ],0.1670,[29.9996 30.0004 ],42.4264,0.0039,127,0.0001
676,-85.4252,[4.9212 -5.0786 ],[0.1181 0.1181 ],0.1670,[-30.0004 -29.9996 ],42.4264,0.0039,127,0.0001
677,-85.4252,[5.0393 -4.9605 ],[-0.1181 -0.1181 ],0.1670,[29.9996 30.0004 ],42.4264,0.0039,127,0.0001
678,-85.4252,[4.9212 -5.0786 ],[0.1181 0.1181 ],0.1670,[-30.0004 -29.9996 ],42.4264,0.0039,127,0.0001
679,-85.4252,[5.0393 -4.9605 ],[-0.1181 -0.1181 ],0.1670,[29.9996 30.0004 ],42.4264,0.0039,127,0.0001
680,-85.4252,[4.9212 -5.0786 ],[0.1181 0.1181 ],0.1670,[-30.0004 -29.9996 ],42.4264,0.0039,127,0.0001
681,-85.4252,[5.0393 -4.9605 ],[-0.1181 -0.1181 ],0.1670,[29.9996 30.0004 ],42.4264,0.0039,127,0.0001
682,-85.4252,[4.9212 -5.0786 ],[0.1181 0.1181 ],0.1670,[-30.0004 -29.9996 ],42.4264,0.0039,127,0.0001
683,-85.4252,[5.0393 -4.9605 ],[-0.1181 -0.1181 ],0.1670,[29.9996 30.0004 ],42.4264,0.0039,127,0.0001
684,-85.4252,[4.9212 -5.0786 ],[0.1181 0.1181 ],0.1670,[-30.0004 -29.9996 ],42.4264,0.0039,127,0.0001
685,-85.4252,[5.0393 -4.9605 ],[-0.1181 -0.1181 ],0.1670,[29.9996 30.0004 ],42.4264,0.0039,127,0.0001
686,-85.4252,[4.9212 -5.0786 ],[0.1181 0.1181 ],0.1670,[-30.0004 -29.9996 ],42.4264,0.0039,127,0.0001
687,-85.4252,[5.0393 -4.9605 ],[-0.1181 -0.1181 ],0.1670,[29.9996 30.0004 ],42.4264,0.0039,127,0.0001
688,-85.4252,[4.9212 -5.0786 ],[0.1181 0.1181 ],0.1670,[-30.0004 -29.9996 ],42.4264,0.0039,127,0.0001
689,-85.4252,[5.0393 -4.9605 ],[-0.1181 -0.1181 ],0.1670,[29.9996 30.0004 ],42.4264,0.0039,127,0.0001
690,-85.4252,[4.9212 -5.0787 ],[0.1181 0.1181 ],0.1670,[-30.0004 -29.9996 ],42.4264,0.0039,127,0.0001
691,-85.4252,[5.0393 -4.9605 ],[-0.1181 -0.1181 ],0.1670,[29.9997 30.0003 ],42.4264,0.0039,127,0.0001
692,-85.4252,[4.9212 -5.0787 ],[0.1181 0.1181 ],0.1670,[-30.0003 -29.9997 ],42.4264,0.0039,127,0.0001
693,-85.4252,[5.0393 -4.9605 ],[-0.1181 -0.1181 ],0.1670,[29.9997 30.0003 ],42.4264,0.0039,127,0.0001
694,-85.4252,[4.9212 -5.0787 ],[0.1181 0.1181 ],0.1670,[-30.0003 -29.9997 ],42.4264,0.0039,127,0.0001
695,-85.4252,[5.0393 -4.9605 ],[-0.1181 -0.1181 ],0.1670,[29.9997 30.0003 ],42.4264,0.0039,127,0.0001
696,-85.4252,[4.9212 -5.0787 ],[0.1181 0.1181 ],0.1670,[-30.0003 -29.9997 ],42.4264,0.0039,127,0.0001
697,-85.4252,[5.0393 -4.9606 ],[-0.1181 -0.1181 ],0.1670,[29.9997 30.0003 ],42.4264,0.0039,127,0.0001
698,-85.4252,[4.9212 -5.0787 ],[0.1181 0.1181 ],0.1670,[-30.0003 -29.9997 ],42.4264,0.0039,127,0.0001
699,-85.4252,[5.0393 -4.9606 ],[-0.1181 -0.1181 ],0.1670,[29.9997 30.0003 ],42.4264,0.0039,127,0.0001
700,-85.4252,[4.9212 -5.0787 ],[0.1181 0.1181 ],0.1670,[-30.0003 -29.9997 ],42.4264,0.0039,127,0.0001
701,-85.4252,[5.0393 -4.9606 ],[-0.1181 -0.1181 ],0.1670,[29.9997 30.0003 ],42.4264,0.0039,127,0.0001
702,-85.4252,[4.9212 -5.0787 ],[0.1181 0.1181 ],0.1670,[-30.0003 -29.9997 ],42.4264,0.0039,127,0.0001
703,-85.4252,[5.0393 -4.9606 ],[-0.1181 -0.1181 ],0.1670,[29.9997 30.0003 ],42.4264,0.0039,127,0.0001
704,-85.4252,[4.9212 -5.0787 ],[0.1181 0.1181 ],0.1670,[-30.0003 -29.9997 ],42.4264,0.0039,127,0.0001
705,-85.4252,[5.0393 -4.9606 ],[-0.1181 -0.1181 ],0.1670,[29.9997 30.0003 ],42.4264,0.0039,127,0.0001
706,-85.4252,[4.9212 -5.0787 ],[0.1181 0.1181 ],0.1670,[-30.0003 -29.9997 ],42.4264,0.0039,127,0.0001
707,-85.4252,[5.0393 -4.9606 ],[-0.1181 -0.1181 ],0.1670,[29.9997 30.0003 ],42.4264,0.0039,127,0.0001
708,-85.4252,[4.9212 -5.0787 ],[0.1181 0.1181 ],0.1670,[-30.0003 -29.9997 ],42.4264,0.0039,127,0.0001
709,-85.4252,[5.0393 -4.9606 ],[-0.1181 -0.1181 ],0.1670,[29.9997 30.0003 ],42.4264,0.0039,127,0.0001
710,-85.4252,[4.9212 -5.0787 ],[0.1181 0.1181 ],0.1670,[-30.0003 -29.9997 ],42.4264,0.0039,127,0.0001
711,-85.4252,[5.0393 -4.9606 ],[-0.1181 -0.1181 ],0.1670,[29.9997 30.0003 ],42.4264,0.0039,127,0.0001
712,-85.4252,[4.9212 -5.0787 ],[0.1181 0.1181 ],0.1670,[-30.0002 -29.9998 ],42.4264,0.0039,127,0.0001
713,-85.4252,[5.0393 -4.9606 ],[-0.1181 -0.1181 ],0.1670,[29.9998 30.0002 ],42.4264,0.0039,127,0.0001
714,-85.4252,[4.9212 -5.0787 ],[0.1181 0.1181 ],0.1670,[-30.0002 -29.9998 ],42.4264,0.0039,127,0.0001
715,-85.4252,[5.0393 -4.9606 ],[-0.1181 -0.1181 ],0.1670,[29.9998 30.0002 ],42.4264,0.0039,127,0.0001
716,-85.4252,[4.9212 -5.0787 ],[0.1181 0.1181 ],0.1670,[-30.0002 -29.9998 ],42.4264,0.0039,127,0.0001
717,-85.4252,[5.0393 -4.9606 ],[-0.1181 -0.1181 ],0.1670,[29.9998 30.0002 ],42.4264,0.0039,127,0.0001
718,-85.4252,[4.9212 -5.0787 ],[0.1181 0.1181 ],0.1670,[-30.0002 -29.9998 ],42.4264,0.0039,127,0.0001
719,-85.4252,[5.0393 -4.9606 ],[-0.1181 -0.1181 ],0.1670,[29.9998 30.0002 ],42.4264,0.0039,127,0.0001
720,-85.4252,[4.9212 -5.0787 ],[0.1181 0.1181 ],0.1670,[-30.0002 -29.9998 ],42.4264,0.0039,127,0.0001
721,-85.4252,[5.0393 -4.9606 ],[-0.1181 -0.1181 ],0.1670,[29.9998 30.0002 ],42.4264,0.0039,127,0.0001
722,-85.4252,[4.9212 -5.0787 ],[0.1181 0.1181 ],0.1670,[-30.0002 -29.9998 ],42.4264,0.0039,127,0.0001
723,-85.4252,[5.0393 -4.9606 ],[-0.1181 -0.1181 ],0.1670,[29.9998 30.0002 ],42.4264,0.0039,127,0.0001
724,-85.4252,[4.9212 -5.0787 ],[0.1181 0.1181 ],0.1670,[-30.0002 -29.9998 ],42.4264,0.0039,127,0.0001
725,-85.4252,[5.0393 -4.9606 ],[-0.1181 -0.1181 ],0.1670,[29.9998 30.0002 ],42.4264,0.0039,127,0.0001
726,-85.4252,[4.9212 -5.0787 ],[0.1181 0.1181 ],0.1670,[-30.0002 -29.9998 ],42.4264,0.0039,127,0.0001
727,-85.4252,[5.0393 -4.9606 ],[-0.1181 -0.1181 ],0.1670,[29.9998 30.0002 ],42.4264,0.0039,127,0.0001
728,-85.4252,[4.9212 -5.0787 ],[0.1181 0.1181 ],0.1670,[-30.0002 -29.9998 ],42.4264,0.0039,127,0.0001
729,-85.4252,[5.0393 -4.9606 ],[-0.1181 -0.1181 ],0.1670,[29.9998 30.0002 ],42.4264,0.0039,127,0.0001
730,-85.4252,[4.9212 -5.0787 ],[0.1181 0.1181 ],0.1670,[-30.0002 -29.9998 ],42.4264,0.0039,127,0.0001
731,-85.4252,[5.0393 -4.9606 ],[-0.1181 -0.1181 ],0.1670,[29.9998 30.0002 ],42.4264,0.0039,127,0.0001
732,-85.4252,[4.9212 -5.0787 ],[0.1181 0.1181 ],0.1670,[-30.0002 -29.9998 ],42.4264,0.0039,127,0.0001
733,-85.4252,[5.0393 -4.9606 ],[-0.1181 -0.1181 ],0.1670,[29.9998 30.0002 ],42.4264,0.0039,127,0.0001
734,-85.4252,[4.9212 -5.0787 ],[0.1181 0.1181 ],0.1670,[-30.0002 -29.9998 ],42.4264,0.0039,127,0.0001
735,-85.4252,[5.0393 -4.9606 ],[-0.1181 -0.1181 ],0.1670,[29.9998 30.0002 ],42.4264,0.0039,127,0.0001
736,-85.4252,[4.9212 -5.0787 ],[0.1181 0.1181 ],0.1670,[-30.0002 -29.9998 ],42.4264,0.0039,127,0.0001
737,-85.4252,[5.0393 -4.9606 ],[-0.1181 -0.1181 ],0.1670,[29.9998 30.0002 ],42.4264,0.0039,127,0.0001
738,-85.4252,[4.9212 -5.0787 ],[0.1181 0.1181 ],0.1670,[-30.0002 -29.9998 ],42.4264,0.0039,127,0.0001
739,-85.4252,[5.0393 -4.9606 ],[-0.1181 -0.1181 ],0.1670,[29.9998 30.0002 ],42.4264,0.0039,127,0.0001
740,-85.4252,[4.9212 -5.0787 ],[0.1181 0.1181 ],0.1670,[-30.0002 -29.9998 ],42.4264,0.0039,127,0.0001
741,-85.4252,[5.0393 -4.9606 ],[-0.1181 -0.1181 ],0.1670,[29.9998 30.0002 ],42.4264,0.0039,127,0.0001
742,-85.4252,[4.9212 -5.0787 ],[0.1181 0.1181 ],0.1670,[-30.0002 -29.9998 ],42.4264,0.0039,127,0.0001
743,-85.4252,[5.0393 -4.9606 ],[-0.1181 -0.1181 ],0.1670,[29.9998 30.0002 ],42.4264,0.0039,127,0.0001
744,-85.4252,[4.9212 -5.0787 ],[0.1181 0.1181 ],0.1670,[-30.0001 -29.9999 ],42.4264,0.0039,127,0.0001
745,-85.4252,[5.0393 -4.9606 ],[-0.1181 -0.1181 ],0.1670,[29.9999 30.0001 ],42.4264,0.0039,127,0.0001
746,-85.4252,[4.9212 -5.0787 ],[0.1181 0.1181 ],0.1670,[-30.0001 -29.9999 ],42.4264,0.0039,127,0.0001
747,-85.4252,[5.0393 -4.9606 ],[-0.1181 -0.1181 ],0.1670,[29.9999 30.0001 ],42.4264,0.0039,127,0.0001
748,-85.4252,[4.9212 -5.0787 ],[0.1181 0.1181 ],0.1670,[-30.0001 -29.9999 ],42.4264,0.0039,127,0.0001
749,-85.4252,[5.0393 -4.9606 ],[-0.1181 -0.1181 ],0.1670,[29.9999 30.0001 ],42.4264,0.0039,127,0.0001
750,-85.4252,[4.9212 -5.0787 ],[0.1181 0.1181 ],0.1670,[-30.0001 -29.9999 ],42.4264,0.0039,127,0.0001
751,-85.4252,[5.0393 -4.9606 ],[-0.1181 -0.1181 ],0.1670,[29.9999 30.0001 ],42.4264,0.0039,127,0.0001
752,-85.4252,[4.9212 -5.0787 ],[0.1181 0.1181 ],0.1670,[-30.0001 -29.9999 ],42.4264,0.0039,127,0.0001
753,-85.4252,[5.0393 -4.9606 ],[-0.1181 -0.1181 ],0.1670,[29.9999 30.0001 ],42.4264,0.0039,127,0.0001
754,-85.4252,[4.9212 -5.0787 ],[0.1181 0.1181 ],0.1670,[-30.0001 -29.9999 ],42.4264,0.0039,127,0.0001
755,-85.4252,[5.0393 -4.9606 ],[-0.1181 -0.1181 ],0.1670,[29.9999 30.0001 ],42.4264,0.0039,127,0.0001
756,-85.4252,[4.9212 -5.0787 ],[0.1181 0.1181 ],0.1670,[-30.0001 -29.9999 ],42.4264,0.0039,127,0.0001
757,-85.4252,[5.0393 -4.9606 ],[-0.1181 -0.1181 ],0.1670,[29.9999 30.0001 ],42.4264,0.0039,127,0.0001
758,-85.4252,[4.9212 -5.0787 ],[0.1181 0.1181 ],0.1670,[-30.0001 -29.9999 ],42.4264,0.0039,127,0.0001
759,-85.4252,[5.0393 -4.9606 ],[-0.1181 -0.1181 ],0.1670,[29.9999 30.0001 ],42.4264,0.0039,127,0.0001
760,-85.4252,[4.9212 -5.0787 ],[0.1181 0.1181 ],0.1670,[-30.0001 -29.9999 ],42.4264,0.0039,127,0.0001
761,-85.4252,[5.0393 -4.9606 ],[-0.1181 -0.1181 ],0.1670,[29.9999 30.0001 ],42.4264,0.0039,127,0.0001
762,-85.4252,[4.9212 -5.0787 ],[0.1181 0.1181 ],0.1670,[-30.0001 -29.9999 ],42.4264,0.0039,127,0.0001
763,-85.4252,[5.0393 -4.9606 ],[-0.1181 -0.1181 ],0.1670,[29.9999 30.0001 ],42.4264,0.0039,127,0.0001
764,-85.4252,[4.9212 -5.0787 ],[0.1181 0.1181 ],0.1670,[-30.0001 -29.9999 ],42.4264,0.0039,127,0.0001
765,-85.4252,[5.0393 -4.9606 ],[-0.1181 -0.1181 ],0.1670,[29.9999 30.0001 ],42.4264,0.0039,127,0.0001
766,-85.4252,[4.9212 -5.0787 ],[0.1181 0.1181 ],0.1670,[-30.0001 -29.9999 ],42.4264,0.0039,127,0.0001
767,-85.4252,[5.0393 -4.9606 ],[-0.1181 -0.1181 ],0.1670,[29.9999 30.0001 ],42.4264,0.0039,127,0.0001
768,-85.4252,[4.9212 -5.0787 ],[0.1181 0.1181 ],0.1670,[-30.0001 -29.9999 ],42.4264,0.0039,127,0.0001
769,-85.4252,[5.0393 -4.9606 ],[-0.1181 -0.1181 ],0.1670,[29.9999 30.0001 ],42.4264,0.0039,127,0.0001
770,-85.4252,[4.9212 -5.0787 ],[0.1181 0.1181 ],0.1670,[-30.0001 -29.9999 ],42.4264,0.0039,127,0.0001
771,-85.4252,[5.0393 -4.9606 ],[-0.1181 -0.1181 ],0.1670,[29.9999 30.0001 ],42.4264,0.0039,127,0.0001
772,-85.4252,[4.9212 -5.0787 ],[0.1181 0.1181 ],0.1670,[-30.0001 -29.9999 ],42.4264,0.0039,127,0.0001
773,-85.4252,[5.0393 -4.9606 ],[-0.1181 -0.1181 ],0.1670,[29.9999 30.0001 ],42.4264,0.0039,127,0.0001
774,-85.4252,[4.9212 -5.0787 ],[0.1181 0.1181 ],0.1670,[-30.0001 -29.9999 ],42.4264,0.0039,127,0.0001
775,-85.4252,[5.0393 -4.9606 ],[-0.1181 -0.1181 ],0.1670,[29.9999 30.0001 ],42.4264,0.0039,127,0.0001
776,-85.4252,[4.9212 -5.0787 ],[0.1181 0.1181 ],0.1670,[-30.0001 -29.9999 ],42.4264,0.0039,127,0.0001
777,-85.4252,[5.0393 -4.9606 ],[-0.1181 -0.1181 ],0.1670,[29.9999 30.0001 ],42.4264,0.0039,127,0.0001
778,-85.4252,[4.9212 -5.0787 ],[0.1181 0.1181 ],0.1670,[-30.0001 -29.9999 ],42.4264,0.0039,127,0.0001
779,-85.4252,[5.0393 -4.9606 ],[-0.1181 -0.1181 ],0.1670,[29.9999 30.0001 ],42.4264,0.0039,127,0.0001
780,-85.4252,[4.9212 -5.0787 ],[0.1181 0.1181 ],0.1670,[-30.0001 -29.9999 ],42.4264,0.0039,127,0.0001
781,-85.4252,[5.0393 -4.9606 ],[-0.1181 -0.1181 ],0.1670,[29.9999 30.0001 ],42.4264,0.0039,127,0.0001
782,-85.4252,[4.9212 -5.0787 ],[0.1181 0.1181 ],0.1670,[-30.0001 -29.9999 ],42.4264,0.0039,127,0.0001
783,-85.4252,[5.0394 -4.9606 ],[-0.1181 -0.1181 ],0.1670,[29.9999 30.0001 ],42.4264,0.0039,127,0.0001
784,-85.4252,[4.9212 -5.0787 ],[0.1181 0.1181 ],0.1670,[-30.0001 -29.9999 ],42.4264,0.0039,127,0.0001
785,-85.4252,[5.0394 -4.9606 ],[-0.1181 -0.1181 ],0.1670,[29.9999 30.0001 ],42.4264,0.0039,127,0.0001
786,-85.4252,[4.9212 -5.0787 ],[0.1181 0.1181 ],0.1670,[-30.0001 -29.9999 ],42.4264,0.0039,127,0.0001
787,-85.4252,[5.0394 -4.9606 ],[-0.1181 -0.1181 ],0.1670,[29.9999 30.0001 ],42.4264,0.0039,127,0.0001
788,-85.4252,[4.9212 -5.0787 ],[0.1181 0.1181 ],0.1670,[-30.0001 -29.9999 ],42.4264,0.0039,127,0.0001
789,-85.4252,[5.0394 -4.9606 ],[-0.1181 -0.1181 ],0.1670,[29.9999 30.0001 ],42.4264,0.0039,127,0.0001
790,-85.4252,[4.9212 -5.0787 ],[0.1181 0.1181 ],0.1670,[-30.0001 -29.9999 ],42.4264,0.0039,127,0.0001
791,-85.4252,[5.0394 -4.9606 ],[-0.1181 -0.1181 ],0.1670,[29.9999 30.0001 ],42.4264,0.0039,127,0.0001
792,-85.4252,[4.9212 -5.0787 ],[0.1181 0.1181 ],0.1670,[-30.0001 -29.9999 ],42.4264,0.0039,127,0.0001
793,-85.4252,[5.0394 -4.9606 ],[-0.1181 -0.1181 ],0.1670,[29.9999 30.0001 ],42.4264,0.0039,127,0.0001
794,-85.4252,[4.9212 -5.0787 ],[0.1181 0.1181 ],0.1670,[-30.0001 -29.9999 ],42.4264,0.0039,127,0.0001
795,-85.4252,[5.0394 -4.9606 ],[-0.1181 -0.1181 ],0.1670,[29.9999 30.0001 ],42.4264,0.0039,127,0.0001
796,-85.4252,[4.9212 -5.0787 ],[0.1181 0.1181 ],0.1670,[-30.0001 -29.9999 ],42.4264,0.0039,127,0.0001
797,-85.4252,[5.0394 -4.9606 ],[-0.1181 -0.1181 ],0.1670,[29.9999 30.0001 ],42.4264,0.0039,127,0.0001
798,-85.4252,[4.9212 -5.0787 ],[0.1181 0.1181 ],0.1670,[-30.0001 -29.9999 ],42.4264,0.0039,127,0.0001
799,-85.4252,[5.0394 -4.9606 ],[-0.1181 -0.1181 ],0.1670,[29.9999 30.0001 ],42.4264,0.0039,127,0.0001
800,-85.4252,[4.9212 -5.0787 ],[0.1181 0.1181 ],0.1670,[-30.0001 -29.9999 ],42.4264,0.0039,127,0.0001
801,-85.4252,[5.0394 -4.9606 ],[-0.1181 -0.1181 ],0.1670,[29.9999 30.0001 ],42.4264,0.0039,127,0.0001
802,-85.4252,[4.9212 -5.0787 ],[0.1181 0.1181 ],0.1670,[-30.0001 -29.9999 ],42.4264,0.0039,127,0.0001
803,-85.4252,[5.0394 -4.9606 ],[-0.1181 -0.1181 ],0.1670,[29.9999 30.0001 ],42.4264,0.0039,127,0.0001
804,-85.4252,[4.9212 -5.0787 ],[0.1181 0.1181 ],0.1670,[-30.0001 -29.9999 ],42.4264,0.0039,127,0.0001
805,-85.4252,[5.0394 -4.9606 ],[-0.1181 -0.1181 ],0.1670,[29.9999 30.0001 ],42.4264,0.0039,127,0.0001
806,-85.4252,[4.9212 -5.0787 ],[0.1181 0.1181 ],0.1670,[-30.0001 -29.9999 ],42.4264,0.0039,127,0.0001
807,-85.4252,[5.0394 -4.9606 ],[-0.1181 -0.1181 ],0.1670,[29.9999 30.0001 ],42.4264,0.0039,127,0.0001
808,-85.4252,[4.9212 -5.0787 ],[0.1181 0.1181 ],0.1670,[-30.0001 -29.9999 ],42.4264,0.0039,127,0.0001
809,-85.4252,[5.0394 -4.9606 ],[-0.1181 -0.1181 ],0.1670,[29.9999 30.0001 ],42.4264,0.0039,127,0.0001
810,-85.4252,[4.9212 -5.0787 ],[0.1181 0.1181 ],0.1670,[-30.0001 -29.9999 ],42.4264,0.0039,127,0.0001
811,-85.4252,[5.0394 -4.9606 ],[-0.1181 -0.1181 ],0.1670,[29.9999 30.0001 ],42.4264,0.0039,127,0.0001
812,-85.4252,[4.9212 -5.0787 ],[0.1181 0.1181 ],0.1670,[-30.0001 -29.9999 ],42.4264,0.0039,127,0.0001
813,-85.4252,[5.0394 -4.9606 ],[-0.1181 -0.1181 ],0.1670,[30.0000 30.0000 ],42.4264,0.0039,127,0.0001
814,-85.4252,[4.9212 -5.0787 ],[0.1181 0.1181 ],0.1670,[-30.0000 -30.0000 ],42.4264,0.0039,127,0.0001
815,-85.4252,[5.0394 -4.9606 ],[-0.1181 -0.1181 ],0.1670,[30.0000 30.0000 ],42.4264,0.0039,127,0.0001
816,-85.4252,[4.9212 -5.0787 ],[0.1181 0.1181 ],0.1670,[-30.0000 -30.0000 ],42.4264,0.0039,127,0.0001
817,-85.4252,[5.0394 -4.9606 ],[-0.1181 -0.1181 ],0.1670,[30.0000 30.0000 ],42.4264,0.0039,127,0.0001
818,-85.4252,[4.9212 -5.0787 ],[0.1181 0.1181 ],0.1670,[-30.0000 -30.0000 ],42.4264,0.0039,127,0.0001
819,-85.4252,[5.0394 -4.9606 ],[-0.1181 -0.1181 ],0.1670,[30.0000 30.0000 ],42.4264,0.0039,127,0.0001
820,-85.4252,[4.9212 -5.0787 ],[0.1181 0.1181 ],0.1670,[-30.0000 -30.0000 ],42.4264,0.0039,127,0.0001
821,-85.4252,[5.0394 -4.9606 ],[-0.1181 -0.1181 ],0.1670,[30.0000 30.0000 ],42.4264,0.0039,127,0.0001
822,-85.4252,[4.9212 -5.0787 ],[0.1181 0.1181 ],0.1670,[-30.0000 -30.0000 ],42.4264,0.0039,127,0.0001
823,-85.4252,[5.0394 -4.9606 ],[-0.1181 -0.1181 ],0.1670,[30.0000 30.0000 ],42.4264,0.0039,127,0.0001
824,-85.4252,[4.9212 -5.0787 ],[0.1181 0.1181 ],0.1670,[-30.0000 -30.0000 ],42.4264,0.0039,127,0.0001
825,-85.4252,[5.0394 -4.9606 ],[-0.1181 -0.1181 ],0.1670,[30.0000 30.0000 ],42.4264,0.0039,127,0.0001
826,-85.4252,[4.9212 -5.0787 ],[0.1181 0.1181 ],0.1670,[-30.0000 -30.0000 ],42.4264,0.0039,127,0.0001
827,-85.4252,[5.0394 -4.9606 ],[-0.1181 -0.1181 ],0.1670,[30.0000 30.0000 ],42.4264,0.0039,127,0.0001
828,-85.4252,[4.9213 -5.0787 ],[0.1181 0.1181 ],0.1670,[-30.0000 -30.0000 ],42.4264,0.0039,127,0.0001
829,-85.4252,[5.0394 -4.9606 ],[-0.1181 -0.1181 ],0.1670,[30.0000 30.0000 ],42.4264,0.0039,127,0.0001
830,-85.4252,[4.9213 -5.0787 ],[0.1181 0.1181 ],0.1670,[-30.0000 -30.0000 ],42.4264,0.0039,127,0.0001
831,-85.4252,[5.0394 -4.9606 ],[-0.1181 -0.1181 ],0.1670,[30.0000 30.0000 ],42.4264,0.0039,127,0.0001
832,-85.4252,[4.9213 -5.0787 ],[0.1181 0.1181 ],0.1670,[-30.0000 -30.0000 ],42.4264,0.0039,127,0.0001
833,-85.4252,[5.0394 -4.9606 ],[-0.1181 -0.1181 ],0.1670,[30.0000 30.0000 ],42.4264,0.0039,127,0.0001
834,-85.4252,[4.9213 -5.0787 ],[0.1181 0.1181 ],0.1670,[-30.0000 -30.0000 ],42.4264,0.0039,127,0.0001
835,-85.4252,[5.0394 -4.9606 ],[-0.1181 -0.1181 ],0.1670,[30.0000 30.0000 ],42.4264,0.0039,127,0.0001
836,-85.4252,[4.9213 -5.0787 ],[0.1181 0.1181 ],0.1670,[-30.0000 -30.0000 ],42.4264,0.0039,127,0.0001
837,-85.4252,[5.0394 -4.9606 ],[-0.1181 -0.1181 ],0.1670,[30.0000 30.0000 ],42.4264,0.0039,127,0.0001
838,-85.4252,[4.9213 -5.0787 ],[0.1181 0.1181 ],0.1670,[-30.0000 -30.0000 ],42.4264,0.0039,127,0.0001
839,-85.4252,[5.0394 -4.9606 ],[-0.1181 -0.1181 ],0.1670,[30.0000 30.0000 ],42.4264,0.0039,127,0.0001
840,-85.4252,[4.9213 -5.0787 ],[0.1181 0.1181 ],0.1670,[-30.0000 -30.0000 ],42.4264,0.0039,127,0.0001
841,-85.4252,[5.0394 -4.9606 ],[-0.1181 -0.1181 ],0.1670,[30.0000 30.0000 ],42.4264,0.0039,127,0.0001
842,-85.4252,[4.9213 -5.0787 ],[0.1181 0.1181 ],0.1670,[-30.0000 -30.0000 ],42.4264,0.0039,127,0.0001
843,-85.4252,[5.0394 -4.9606 ],[-0.1181 -0.1181 ],0.1670,[30.0000 30.0000 ],42.4264,0.0039,127,0.0001
844,-85.4252,[4.9213 -5.0787 ],[0.1181 0.1181 ],0.1670,[-30.0000 -30.0000 ],42.4264,0.0039,127,0.0001
845,-85.4252,[5.0394 -4.9606 ],[-0.1181 -0.1181 ],0.1670,[30.0000 30.0000 ],42.4264,0.0039,127,0.0001
846,-85.4252,[4.9213 -5.0787 ],[0.1181 0.1181 ],0.1670,[-30.0000 -30.0000 ],42.4264,0.0039,127,0.0001
847,-85.4252,[5.0394 -4.9606 ],[-0.1181 -0.1181 ],0.1670,[30.0000 30.0000 ],42.4264,0.0039,127,0.0001
848,-85.4252,[4.9213 -5.0787 ],[0.1181 0.1181 ],0.1670,[-30.0000 -30.0000 ],42.4264,0.0039,127,0.0001
849,-85.4252,[5.0394 -4.9606 ],[-0.1181 -0.1181 ],0.1670,[30.0000 30.0000 ],42.4264,0.0039,127,0.0001
850,-85.4252,[4.9213 -5.0787 ],[0.1181 0.1181 ],0.1670,[-30.0000 -30.0000 ],42.4264,0.0039,127,0.0001
851,-85.4252,[5.0394 -4.9606 ],[-0.1181 -0.1181 ],0.1670,[30.0000 30.0000 ],42.4264,0.0039,127,0.0001
852,-85.4252,[4.9213 -5.0787 ],[0.1181 0.1181 ],0.1670,[-30.0000 -30.0000 ],42.4264,0.0039,127,0.0001
853,-85.4252,[5.0394 -4.9606 ],[-0.1181 -0.1181 ],0.1670,[30.0000 30.0000 ],42.4264,0.0039,127,0.0001
854,-85.4252,[4.9213 -5.0787 ],[0.1181 0.1181 ],0.1670,[-30.0000 -30.0000 ],42.4264,0.0039,127,0.0001
855,-85.4252,[5.0394 -4.9606 ],[-0.1181 -0.1181 ],0.1670,[30.0000 30.0000 ],42.4264,0.0039,127,0.0001
856,-85.4252,[4.9213 -5.0787 ],[0.1181 0.1181 ],0.1670,[-30.0000 -30.0000 ],42.4264,0.0039,127,0.0001
857,-85.4252,[5.0394 -4.9606 ],[-0.1181 -0.1181 ],0.1670,[30.0000 30.0000 ],42.4264,0.0039,127,0.0001
858,-85.4252,[4.9213 -5.0787 ],[0.1181 0.1181 ],0.1670,[-30.0000 -30.0000 ],42.4264,0.0039,127,0.0001
859,-85.4252,[5.0394 -4.9606 ],[-0.1181 -0.1181 ],0.1670,[30.0000 30.0000 ],42.4264,0.0039,127,0.0001
860,-85.4252,[4.9213 -5.0787 ],[0.1181 0.1181 ],0.1670,[-30.0000 -30.0000 ],42.4264,0.0039,127,0.0001
861,-85.4252,[5.0394 -4.9606 ],[-0.1181 -0.1181 ],0.1670,[30.0000 30.0000 ],42.4264,0.0039,127,0.0001
862,-85.4252,[4.9213 -5.0787 ],[0.1181 0.1181 ],0.1670,[-30.0000 -30.0000 ],42.4264,0.0039,127,0.0001
863,-85.4252,[5.0394 -4.9606 ],[-0.1181 -0.1181 ],0.1670,[30.0000 30.0000 ],42.4264,0.0039,127,0.0001
864,-85.4252,[4.9213 -5.0787 ],[0.1181 0.1181 ],0.1670,[-30.0000 -30.0000 ],42.4264,0.0039,127,0.0001
865,-85.4252,[5.0394 -4.9606 ],[-0.1181 -0.1181 ],0.1670,[30.0000 30.0000 ],42.4264,0.0039,127,0.0001
866,-85.4252,[4.9213 -5.0787 ],[0.1181 0.1181 ],0.1670,[-30.0000 -30.0000 ],42.4264,0.0039,127,0.0001
867,-85.4252,[5.0394 -4.9606 ],[-0.1181 -0.1181 ],0.1670,[30.0000 30.0000 ],42.4264,0.0039,127,0.0001
868,-85.4252,[4.9213 -5.0787 ],[0.1181 0.1181 ],0.1670,[-30.0000 -30.0000 ],42.4264,0.0039,127,0.0001
869,-85.4252,[5.0394 -4.9606 ],[-0.1181 -0.1181 ],0.1670,[30.0000 30.0000 ],42.4264,0.0039,127,0.0001
870,-85.4252,[4.9213 -5.0787 ],[0.1181 0.1181 ],0.1670,[-30.0000 -30.0000 ],42.4264,0.0039,127,0.0001
871,-85.4252,[5.0394 -4.9606 ],[-0.1181 -0.1181 ],0.1670,[30.0000 30.0000 ],42.4264,0.0039,127,0.0001
872,-85.4252,[4.9213 -5.0787 ],[0.1181 0.1181 ],0.1670,[-30.0000 -30.0000 ],42.4264,0.0039,127,0.0001
873,-85.4252,[5.0394 -4.9606 ],[-0.1181 -0.1181 ],0.1670,[30.0000 30.0000 ],42.4264,0.0039,127,0.0001
874,-85.4252,[4.9213 -5.0787 ],[0.1181 0.1181 ],0.1670,[-30.0000 -30.0000 ],42.4264,0.0039,127,0.0001
875,-85.4252,[5.0394 -4.9606 ],[-0.1181 -0.1181 ],0.1670,[30.0000 30.0000 ],42.4264,0.0039,127,0.0001
876,-85.4252,[4.9213 -5.0787 ],[0.1181 0.1181 ],0.1670,[-30.0000 -30.0000 ],42.4264,0.0039,127,0.0001
877,-85.4252,[5.0394 -4.9606 ],[-0.1181 -0.1181 ],0.1670,[30.0000 30.0000 ],42.4264,0.0039,127,0.0001
878,-85.4252,[4.9213 -5.0787 ],[0.1181 0.1181 ],0.1670,[-30.0000 -30.0000 ],42.4264,0.0039,127,0.0001
879,-85.4252,[5.0394 -4.9606 ],[-0.1181 -0.1181 ],0.1670,[30.0000 30.0000 ],42.4264,0.0039,127,0.0001
880,-85.4252,[4.9213 -5.0787 ],[0.1181 0.1181 ],0.1670,[-30.0000 -30.0000 ],42.4264,0.0039,127,0.0001
881,-85.4252,[5.0394 -4.9606 ],[-0.1181 -0.1181 ],0.1670,[30.0000 30.0000 ],42.4264,0.0039,127,0.0001
882,-85.4252,[4.9213 -5.0787 ],[0.1181 0.1181 ],0.1670,[-30.0000 -30.0000 ],42.4264,0.0039,127,0.0001
883,-85.4252,[5.0394 -4.9606 ],[-0.1181 -0.1181 ],0.1670,[30.0000 30.0000 ],42.4264,0.0039,127,0.0001
884,-85.4252,[4.9213 -5.0787 ],[0.1181 0.1181 ],0.1670,[-30.0000 -30.0000 ],42.4264,0.0039,127,0.0001
885,-85.4252,[5.0394 -4.9606 ],[-0.1181 -0.1181 ],0.1670,[30.0000 30.0000 ],42.4264,0.0039,127,0.0001
886,-85.4252,[4.9213 -5.0787 ],[0.1181 0.1181 ],0.1670,[-30.0000 -30.0000 ],42.4264,0.0039,127,0.0001
887,-85.4252,[5.0394 -4.9606 ],[-0.1181 -0.1181 ],0.1670,[30.0000 30.0000 ],42.4264,0.0039,127,0.0001
888,-85.4252,[4.9213 -5.0787 ],[0.1181 0.1181 ],0.1670,[-30.0000 -30.0000 ],42.4264,0.0039,127,0.0001
889,-85.4252,[5.0394 -4.9606 ],[-0.1181 -0.1181 ],0.1670,[30.0000 30.0000 ],42.4264,0.0039,127,0.0001
890,-85.4252,[4.9213 -5.0787 ],[0.1181 0.1181 ],0.1670,[-30.0000 -30.0000 ],42.4264,0.0039,127,0.0001
891,-85.4252,[5.0394 -4.9606 ],[-0.1181 -0.1181 ],0.1670,[30.0000 30.0000 ],42.4264,0.0039,127,0.0001
892,-85.4252,[4.9213 -5.0787 ],[0.1181 0.1181 ],0.1670,[-30.0000 -30.0000 ],42.4264,0.0039,127,0.0001
893,-85.4252,[5.0394 -4.9606 ],[-0.1181 -0.1181 ],0.1670,[30.0000 30.0000 ],42.4264,0.0039,127,0.0001
894,-85.4252,[4.9213 -5.0787 ],[0.1181 0.1181 ],0.1670,[-30.0000 -30.0000 ],42.4264,0.0039,127,0.0001
895,-85.4252,[5.0394 -4.9606 ],[-0.1181 -0.1181 ],0.1670,[30.0000 30.0000 ],42.4264,0.0039,127,0.0001
896,-85.4252,[4.9213 -5.0787 ],[0.1181 0.1181 ],0.1670,[-30.0000 -30.0000 ],42.4264,0.0039,127,0.0001
897,-85.4252,[5.0394 -4.9606 ],[-0.1181 -0.1181 ],0.1670,[30.0000 30.0000 ],42.4264,0.0039,127,0.0001
898,-85.4252,[4.9213 -5.0787 ],[0.1181 0.1181 ],0.1670,[-30.0000 -30.0000 ],42.4264,0.0039,127,0.0001
899,-85.4252,[5.0394 -4.9606 ],[-0.1181 -0.1181 ],0.1670,[30.0000 30.0000 ],42.4264,0.0039,127,0.0001
900,-85.4252,[4.9213 -5.0787 ],[0.1181 0.1181 ],0.1670,[-30.0000 -30.0000 ],42.4264,0.0039,127,0.0001
901,-85.4252,[5.0394 -4.9606 ],[-0.1181 -0.1181 ],0.1670,[30.0000 30.0000 ],42.4264,0.0039,127,0.0001
902,-85.4252,[4.9213 -5.0787 ],[0.1181 0.1181 ],0.1670,[-30.0000 -30.0000 ],42.4264,0.0039,127,0.0001
903,-85.4252,[5.0394 -4.9606 ],[-0.1181 -0.1181 ],0.1670,[30.0000 30.0000 ],42.4264,0.0039,127,0.0001
904,-85.4252,[4.9213 -5.0787 ],[0.1181 0.1181 ],0.1670,[-30.0000 -30.0000 ],42.4264,0.0039,127,0.0001
905,-85.4252,[5.0394 -4.9606 ],[-0.1181 -0.1181 ],0.1670,[30.0000 30.0000 ],42.4264,0.0039,127,0.0001
906,-85.4252,[4.9213 -5.0787 ],[0.1181 0.1181 ],0.1670,[-30.0000 -30.0000 ],42.4264,0.0039,127,0.0001
907,-85.4252,[5.0394 -4.9606 ],[-0.1181 -0.1181 ],0.1670,[30.0000 30.0000 ],42.4264,0.0039,127,0.0001
908,-85.4252,[4.9213 -5.0787 ],[0.1181 0.1181 ],0.1670,[-30.0000 -30.0000 ],42.4264,0.0039,127,0.0001
909,-85.4252,[5.0394 -4.9606 ],[-0.1181 -0.1181 ],0.1670,[30.0000 30.0000 ],42.4264,0.0039,127,0.0001
910,-85.4252,[4.9213 -5.0787 ],[0.1181 0.1181 ],0.1670,[-30.0000 -30.0000 ],42.4264,0.0039,127,0.0001
911,-85.4252,[5.0394 -4.9606 ],[-0.1181 -0.1181 ],0.1670,[30.0000 30.0000 ],42.4264,0.0039,127,0.0001
912,-85.4252,[4.9213 -5.0787 ],[0.1181 0.1181 ],0.1670,[-30.0000 -30.0000 ],42.4264,0.0039,127,0.0001
913,-85.4252,[5.0394 -4.9606 ],[-0.1181 -0.1181 ],0.1670,[30.0000 30.0000 ],42.4264,0.0039,127,0.0001
914,-85.4252,[4.9213 -5.0787 ],[0.1181 0.1181 ],0.1670,[-30.0000 -30.0000 ],42.4264,0.0039,127,0.0001
915,-85.4252,[5.0394 -4.9606 ],[-0.1181 -0.1181 ],0.1670,[30.0000 30.0000 ],42.4264,0.0039,127,0.0001
916,-85.4252,[4.9213 -5.0787 ],[0.1181 0.1181 ],0.1670,[-30.0000 -30.0000 ],42.4264,0.0039,127,0.0001
917,-85.4252,[5.0394 -4.9606 ],[-0.1181 -0.1181 ],0.1670,[30.0000 30.0000 ],42.4264,0.0039,127,0.0001
918,-85.4252,[4.9213 -5.0787 ],[0.1181 0.1181 ],0.1670,[-30.0000 -30.0000 ],42.4264,0.0039,127,0.0001
919,-85.4252,[5.0394 -4.9606 ],[-0.1181 -0.1181 ],0.1670,[30.0000 30.0000 ],42.4264,0.0039,127,0.0001
920,-85.4252,[4.9213 -5.0787 ],[0.1181 0.1181 ],0.1670,[-30.0000 -30.0000 ],42.4264,0.0039,127,0.0001
921,-85.4252,[5.0394 -4.9606 ],[-0.0591 -0.0591 ],0.0835,[30.0000 30.0000 ],42.4264,0.0020,127,0.0001
